,Unnamed: 0,Name,Label,Location,Price,Kms_driven,Fuel_type,Owner,Year,Company
0,0,Ford Figo Duratec,PLATINUM,Bangalore,380000,35056,Petrol, 2nd Owner,2015,Ford
1,1,Maruti Suzuki Wagon,PLATINUM,Bangalore,465000,44000,Petrol, 2nd Owner,2016,Maruti
2,2,Hyundai Creta 1.6,PLATINUM,Bangalore,1350000,42917,Petrol, 2nd Owner,2018,Hyundai
3,3,Hyundai Venue -,PLATINUM,Chennai,1019699,16112,Petrol, 2nd Owner,2019,Hyundai
4,4,Honda Jazz -,PLATINUM,Pune,713499,30988,Petrol, 2nd Owner,2017,Honda
5,5,Hyundai i20 -,PLATINUM,Pune,391099,69163,Diesel, 2nd Owner,2013,Hyundai
6,6,Maruti Suzuki Swift,PLATINUM,Pune,474299,42859,Petrol, 2nd Owner,2015,Maruti
7,7,Toyota Corolla Altis,PLATINUM,Pune,1252999,34919,Petrol, 1st Owner,2017,Toyota
8,8,Honda Amaze -,PLATINUM,Pune,393699,44940,Petrol, 2nd Owner,2013,Honda
9,9,Hyundai Elite i20,PLATINUM,Pune,730899,13687,Petrol, 1st Owner,2017,Hyundai
10,10,Maruti Suzuki Alto,PLATINUM,Pune,343099,29848,Petrol, 2nd Owner,2018,Maruti
11,11,Honda Jazz -,PLATINUM,Pune,707599,21426,Petrol, 2nd Owner,2018,Honda
12,12,Maruti Suzuki Baleno,PLATINUM,Pune,688899,68177,Diesel, 2nd Owner,2016,Maruti
13,13,Jeep Compass -,PLATINUM,Pune,1421599,70650,Diesel, 1st Owner,2017,Jeep
14,14,Maruti Suzuki Alto,PLATINUM,Pune,399999,25730,Petrol, 2nd Owner,2017,Maruti
15,15,Kia Seltos -,PLATINUM,Pune,1473299,47096,Petrol, 2nd Owner,2019,Kia
16,16,Toyota Innova 2.5,GOLD,Bangalore,1025000,131000,Diesel, 2nd Owner,2012,Toyota
17,17,Hyundai Elite i20,GOLD,Bangalore,735000,26000,Petrol, 2nd Owner,2016,Hyundai
18,18,Hyundai Creta 1.6,GOLD,Chennai,600000,58460,Diesel, 1st Owner,2019,Hyundai
19,19,Kia Seltos -,GOLD,Chennai,800000,48000,Petrol, 1st Owner,2020,Kia
20,20,Maruti Suzuki Ciaz,GOLD,Hyderabad,700000,26600,Petrol, 2nd Owner,2017,Maruti
21,21,Ford EcoSport Titanium,GOLD,Faridabad,820000,36000,Petrol, 2nd Owner,2019,Ford
22,22,Tata Nano Twist,GOLD,Chennai,195000,39500,Petrol, 2nd Owner,2014,Tata
23,23,Audi Q7 3.0,GOLD,Chennai,1850000,76000,Diesel, 2nd Owner,2011,Audi
24,24,Ford Ecosport -,PLATINUM,Pune,807499,23698,Petrol, 1st Owner,2017,Ford
25,25,Hyundai Grand i10,PLATINUM,Pune,522999,37860,Petrol, 2nd Owner,2016,Hyundai
26,26,Maruti Suzuki Swift,PLATINUM,Pune,474299,91830,Petrol, 2nd Owner,2015,Maruti
27,27,Hyundai Elite i20,PLATINUM,Pune,740899,31172,Petrol, 2nd Owner,2019,Hyundai
28,28,Toyota Yaris -,PLATINUM,Pune,1141999,3243,Petrol, 2nd Owner,2021,Toyota
29,29,Tata Nexon -,PLATINUM,Pune,971299,9616,Petrol, 2nd Owner,2020,Tata
30,30,Maruti Suzuki Baleno,PLATINUM,Pune,640999,30249,Petrol, 2nd Owner,2017,Maruti
31,31,Maruti Suzuki Baleno,PLATINUM,Pune,676199,60875,Petrol, 2nd Owner,2019,Maruti
32,32,Maruti Suzuki Swift,PLATINUM,Chennai,562399,25740,Petrol, 2nd Owner,2017,Maruti
33,33,Ford Ecosport 1.0,PLATINUM,Pune,580899,38587,Petrol, 2nd Owner,2014,Ford
34,34,Renault Triber -,PLATINUM,Pune,770999,3108,Petrol, 2nd Owner,2021,Renault
35,35,Honda Amaze -,PLATINUM,Pune,531399,35353,Petrol, 2nd Owner,2016,Honda
36,36,Hyundai EON Magna,PLATINUM,Pune,367299,34748,Petrol, 2nd Owner,2017,Hyundai
37,37,Maruti Suzuki Alto,PLATINUM,Pune,412199,2359,Petrol, 2nd Owner,2020,Maruti
38,38,Hyundai Creta S,PLATINUM,Pune,1460099,17814,Diesel, 2nd Owner,2020,Hyundai
39,39,Maruti Suzuki Baleno,PLATINUM,Pune,618699,68934,Petrol, 2nd Owner,2018,Maruti
40,40,Hyundai i20 Asta,GOLD,Bangalore,485000,72600,Petrol, 2nd Owner,2014,Hyundai
41,41,BMW 3 Series,GOLD,Chennai,890000,81000,Diesel, 2nd Owner,2010,BMW
42,42,Nissan Micra XV,GOLD,Chennai,245000,80000,Diesel, 1st Owner,2012,Nissan
43,43,Toyota Glanza V,GOLD,Bangalore,945000,12000,Petrol, 2nd Owner,2020,Toyota
44,44,Maruti Suzuki Swift,GOLD,Bangalore,590000,6000,Petrol, 2nd Owner,2016,Maruti
45,45,Honda Brio S,GOLD,Bangalore,495000,56000,Petrol, 2nd Owner,2017,Honda
46,46,Maruti Suzuki Wagon,GOLD,Bangalore,475000,56000,Petrol, 2nd Owner,2017,Maruti
47,47,MG Motors Hector,GOLD,Chennai,1200000,36000,Diesel, 1st Owner,2020,MG
48,48,Maruti Suzuki Wagon,PLATINUM,Pune,490199,15840,Petrol, 2nd Owner,2017,Maruti
49,49,Maruti Suzuki Baleno,PLATINUM,Pune,618699,68934,Petrol, 2nd Owner,2018,Maruti
50,50,Maruti Suzuki Vitara,PLATINUM,Pune,920999,32482,Diesel, 2nd Owner,2017,Maruti
51,51,Honda City -,PLATINUM,Pune,554399,113779,Diesel, 2nd Owner,2014,Honda
52,52,Maruti Suzuki Wagon,PLATINUM,Pune,408999,26150,Petrol, 2nd Owner,2017,Maruti
53,53,Mahindra XUV 500,PLATINUM,Pune,1248299,34555,Diesel, 2nd Owner,2018,Mahindra
54,54,Maruti Suzuki Baleno,PLATINUM,Pune,636099,30880,Petrol, 1st Owner,2018,Maruti
55,55,Hyundai i20 Asta,PLATINUM,Pune,452699,70423,Petrol, 1st Owner,2013,Hyundai
56,56,Hyundai Elite i20,PLATINUM,Pune,704399,30232,Diesel, 2nd Owner,2018,Hyundai
57,57,Volkswagen Polo -,PLATINUM,Pune,553599,50077,Petrol, 2nd Owner,2016,Volkswagen
58,58,Ford Ecosport -,PLATINUM,Pune,999599,18482,Diesel, 2nd Owner,2018,Ford
59,59,Maruti Suzuki Baleno,PLATINUM,Pune,684699,10246,Petrol, 2nd Owner,2018,Maruti
60,60,Maruti Suzuki Baleno,PLATINUM,Pune,620399,25021,Petrol, 2nd Owner,2016,Maruti
61,61,Hyundai Elite i20,PLATINUM,Pune,549899,70646,Petrol, 2nd Owner,2014,Hyundai
62,62,Maruti Suzuki Vitara,PLATINUM,Pune,812899,45490,Diesel, 2nd Owner,2018,Maruti
63,63,Ford Ecosport -,PLATINUM,Chennai,656699,53306,Diesel, 2nd Owner,2016,Ford
64,64,Hyundai Creta 1.6,GOLD,Chennai,725000,58460,Diesel, 1st Owner,2019,Hyundai
65,65,Hyundai Venue -,GOLD,Chennai,600000,29000,Diesel, 1st Owner,2019,Hyundai
66,66,Volvo XC90 D5,GOLD,Chennai,3700000,110000,Diesel, 2nd Owner,2016,Volvo
67,67,Mahindra XUV 500,GOLD,Chennai,735000,95000,Diesel, 2nd Owner,2013,Mahindra
68,68,Toyota Fortuner 3.0,GOLD,Chennai,1350000,170000,Diesel, 2nd Owner,2012,Toyota
69,69,Honda Jazz VX,GOLD,Pune,365000,80000,Petrol, 2nd Owner,2013,Honda
70,70,Hyundai i10 Asta,GOLD,Pune,280000,58000,Petrol, 2nd Owner,2011,Hyundai
71,71,Tata Nexon XM,GOLD,Pune,840000,22000,Diesel, 2nd Owner,2019,Tata
72,72,Hyundai Creta 1.6,PLATINUM,Pune,818599,69215,Petrol, 1st Owner,2017,Hyundai
73,73,Hyundai Verna 1.6,PLATINUM,Pune,862399,33340,Petrol, 1st Owner,2018,Hyundai
74,74,Renault Triber -,PLATINUM,Pune,673599,9783,Petrol, 2nd Owner,2019,Renault
75,75,Hyundai Santro Sportz,PLATINUM,Pune,528899,15110,Petrol, 2nd Owner,2018,Hyundai
76,76,Maruti Suzuki S,PLATINUM,Pune,527999,3399,Petrol, 2nd Owner,2021,Maruti
77,77,Mahindra XUV 500,PLATINUM,Pune,791699,89310,Diesel, 1st Owner,2013,Mahindra
78,78,Maruti Suzuki Wagon,PLATINUM,Chennai,392999,53148,Petrol, 1st Owner,2015,Maruti
79,79,Honda City VX,PLATINUM,Pune,690199,42020,Petrol, 1st Owner,2015,Honda
80,80,Maruti Suzuki Swift,PLATINUM,Pune,474699,74594,Diesel, 2nd Owner,2013,Maruti
81,81,MG Motors Hector,PLATINUM,Pune,2019899,6110,Petrol, 2nd Owner,2021,MG
82,82,Hyundai Grand i10,PLATINUM,Pune,562299,24346,Petrol, 2nd Owner,2017,Hyundai
83,83,Jeep Compass -,PLATINUM,Pune,1400999,65668,Diesel, 1st Owner,2017,Jeep
84,84,Renault Kwid -,PLATINUM,Pune,447599,48644,Petrol, 2nd Owner,2018,Renault
85,85,Toyota Innova Crysta,PLATINUM,Pune,1814599,36877,Diesel, 2nd Owner,2018,Toyota
86,86,Tata Nexon -,PLATINUM,Pune,920399,79673,Diesel, 2nd Owner,2018,Tata
87,87,Maruti Suzuki Swift,PLATINUM,Pune,447599,54352,Petrol, 2nd Owner,2014,Maruti
88,88,Tata Zest XMS,GOLD,Pune,390000,64000,Diesel, 2nd Owner,2016,Tata
89,89,Ford Freestyle TITANIUM,GOLD,Kanchipuram,650000,54000,Diesel, 2nd Owner,2018,Ford
90,90,Maruti Suzuki Swift,GOLD,Chennai,575000,40000,Petrol, 2nd Owner,2017,Maruti
91,91,Mahindra Xylo -,GOLD,Kozhikode,525000,107000,Diesel, 1st Owner,2015,Mahindra
92,92,Mahindra Xylo -,GOLD,Kozhikode,525000,107000,Diesel, 2nd Owner,2015,Mahindra
93,93,BMW 5 Series,GOLD,Kolkata,1000000,38000,Diesel, 2nd Owner,2011,BMW
94,94,Hyundai i20 Magna,GOLD,Bangalore,325000,86000,Petrol, 2nd Owner,2010,Hyundai
95,95,Jeep Compass Limited,GOLD,Mumbai,3000000,10000,Diesel, 2nd Owner,2021,Jeep
96,96,Maruti Suzuki Alto,PLATINUM,Pune,343299,48658,Petrol, 2nd Owner,2017,Maruti
97,97,MG Motors Hector,PLATINUM,Pune,1711499,11998,Petrol, 2nd Owner,2020,MG
98,98,Maruti Suzuki Vitara,PLATINUM,Pune,918799,32513,Diesel, 2nd Owner,2018,Maruti
99,99,Hyundai Grand i10,PLATINUM,Pune,526399,21372,Petrol, 2nd Owner,2016,Hyundai
100,100,Volkswagen Vento -,PLATINUM,Pune,881099,34178,Petrol, 1st Owner,2017,Volkswagen
101,101,Kia Seltos -,PLATINUM,Pune,1764199,20547,Petrol, 2nd Owner,2019,Kia
102,102,Maruti Suzuki Baleno,PLATINUM,Pune,639199,34731,Petrol, 2nd Owner,2016,Maruti
103,103,Hyundai Grand i10,PLATINUM,Pune,522999,30536,Petrol, 1st Owner,2016,Hyundai
104,104,MG Motors Hector,PLATINUM,Bangalore,1917599,10205,Diesel, 2nd Owner,2019,MG
105,105,Maruti Suzuki Wagon,PLATINUM,Pune,466599,25483,Petrol, 2nd Owner,2017,Maruti
106,106,Toyota Corolla Altis,PLATINUM,Pune,1397699,39113,Petrol, 2nd Owner,2017,Toyota
107,107,Maruti Suzuki Ignis,PLATINUM,Pune,504399,43152,Petrol, 2nd Owner,2017,Maruti
108,108,MG Motors Hector,PLATINUM,Pune,1920399,5325,Petrol, 2nd Owner,2020,MG
109,109,Ford Ecosport -,PLATINUM,Pune,917599,44705,Petrol, 2nd Owner,2018,Ford
110,110,Toyota Etios -,PLATINUM,Pune,319099,70022,Petrol, 2nd Owner,2011,Toyota
111,111,Maruti Suzuki Celerio,PLATINUM,Pune,484399,47435,Petrol, 2nd Owner,2017,Maruti
112,112,Volkswagen Polo HIGHLINE1.2L,GOLD,Chennai,290000,89000,Petrol, 2nd Owner,2010,Volkswagen
113,113,Mahindra Thar DI,GOLD,Chennai,1790000,9826,Petrol, 2nd Owner,2021,Mahindra
114,114,Ford EcoSport Trend,GOLD,Chennai,650000,83000,Diesel, 2nd Owner,2017,Ford
115,115,Honda City 1.5,GOLD,Lucknow,73000,195000,Petrol, 2nd Owner,2001,Honda
116,116,Toyota Innova Crysta,GOLD,Chennai,2200000,35000,Diesel, 2nd Owner,2019,Toyota
117,117,Hyundai Verna 1.6,GOLD,Coimbatore,1550000,13000,Petrol, 1st Owner,2022,Hyundai
118,118,Mahindra e2o T2,GOLD,Bangalore,420000,46000,Electric, 1st Owner,2016,Mahindra
119,119,Toyota Fortuner 4x4,GOLD,Kolkata,1595000,72000,Diesel, 1st Owner,2015,Toyota
120,120,Hyundai Xcent -,PLATINUM,Pune,573499,29026,Petrol, 2nd Owner,2016,Hyundai
121,121,Hyundai Creta 1.6,PLATINUM,Pune,879199,59258,Petrol, 2nd Owner,2015,Hyundai
122,122,Mahindra XUV 500,PLATINUM,Pune,733399,120399,Diesel, 1st Owner,2014,Mahindra
123,123,Maruti Suzuki Vitara,PLATINUM,Pune,967599,28853,Diesel, 2nd Owner,2018,Maruti
124,124,Honda City -,PLATINUM,Pune,1539299,9811,Petrol, 2nd Owner,2020,Honda
125,125,Hyundai i20 Active,PLATINUM,Pune,561499,43538,Petrol, 2nd Owner,2015,Hyundai
126,126,Hyundai Creta -,PLATINUM,Pune,1042699,66400,Petrol, 2nd Owner,2017,Hyundai
127,127,Maruti Suzuki S,PLATINUM,Pune,1032099,59341,Diesel, 2nd Owner,2017,Maruti
128,128,Hyundai Creta -,PLATINUM,Pune,903499,56246,Petrol, 2nd Owner,2016,Hyundai
129,129,Honda Amaze -,PLATINUM,Pune,472499,35944,Petrol, 2nd Owner,2014,Honda
130,130,Honda WR V,PLATINUM,Pune,771299,17699,Petrol, 2nd Owner,2018,Honda
131,131,Maruti Suzuki Wagon,PLATINUM,Pune,447099,41065,Petrol, 2nd Owner,2017,Maruti
132,132,Renault Kwid -,PLATINUM,Pune,504599,2311,Petrol, 2nd Owner,2019,Renault
133,133,Hyundai Grand i10,PLATINUM,Pune,620999,2991,Petrol, 2nd Owner,2018,Hyundai
134,134,Hyundai Grand i10,PLATINUM,Pune,433999,29762,Petrol, 2nd Owner,2015,Hyundai
135,135,Skoda Rapid -,PLATINUM,Pune,627499,91917,Diesel, 2nd Owner,2016,Skoda
136,136,Maruti Suzuki Swift,GOLD,Delhi,360000,0,Diesel, 2nd Owner,2014,Maruti
137,137,Toyota Fortuner 3.0,GOLD,Bangalore,1375000,131000,Diesel, 2nd Owner,2012,Toyota
138,138,Maruti Suzuki 800,GOLD,Chennai,69000,85000,Petrol, 2nd Owner,2000,Maruti
139,139,Tata Nano -,GOLD,Chennai,89000,37000,Petrol, 2nd Owner,2011,Tata
140,140,Tata Indica -,GOLD,Chennai,89000,67000,Diesel, 2nd Owner,2011,Tata
141,141,Audi Q7 3.0,GOLD,Mumbai,2200000,120000,Diesel, 2nd Owner,2013,Audi
142,142,Jaguar XJ L,GOLD,Mumbai,4425000,71000,Diesel, 2nd Owner,2016,Jaguar
143,143,Mercedes Benz GL,GOLD,Mumbai,4450000,105000,Diesel, 2nd Owner,2016,Mercedes
144,144,Renault Kwid -,PLATINUM,Pune,504599,2311,Petrol, 2nd Owner,2019,Renault
145,145,Maruti Suzuki Dzire,PLATINUM,Pune,704199,30771,Petrol, 2nd Owner,2018,Maruti
146,146,Hyundai Santro Sportz,PLATINUM,Pune,513099,29488,Petrol, 2nd Owner,2018,Hyundai
147,147,Renault Kwid -,PLATINUM,Pune,469399,36559,Petrol, 2nd Owner,2019,Renault
148,148,Honda WR V,PLATINUM,Pune,844199,38242,Diesel, 2nd Owner,2018,Honda
149,149,Maruti Suzuki Ignis,PLATINUM,Pune,544799,66426,Petrol, 1st Owner,2017,Maruti
150,150,Volkswagen Polo -,PLATINUM,Pune,710899,16950,Petrol, 2nd Owner,2018,Volkswagen
151,151,Maruti Suzuki Baleno,PLATINUM,Pune,580599,18866,Petrol, 2nd Owner,2016,Maruti
152,152,Maruti Suzuki Swift,PLATINUM,Pune,638499,53245,Diesel, 1st Owner,2017,Maruti
153,153,Hyundai Verna -,PLATINUM,Pune,654699,44543,Petrol, 1st Owner,2016,Hyundai
154,154,Maruti Suzuki S,PLATINUM,Pune,894199,50128,Diesel, 1st Owner,2018,Maruti
155,155,Maruti Suzuki S,PLATINUM,Pune,858599,56349,Diesel, 2nd Owner,2018,Maruti
156,156,Maruti Suzuki S,PLATINUM,Pune,992199,69524,Diesel, 2nd Owner,2017,Maruti
157,157,Volkswagen Polo -,PLATINUM,Pune,714999,41218,Petrol, 1st Owner,2017,Volkswagen
158,158,Maruti Suzuki Baleno,PLATINUM,Pune,765599,9085,Petrol, 1st Owner,2020,Maruti
159,159,MG Motors Hector,PLATINUM,Bangalore,1800299,11292,Diesel, 2nd Owner,2019,MG
160,160,Mercedes Benz C,GOLD,Mumbai,1190000,75000,Diesel, 2nd Owner,2011,Mercedes
161,161,Hyundai Creta 1.6,GOLD,Hyderabad,1452000,28000,Diesel, 2nd Owner,2018,Hyundai
162,162,Skoda Rapid Style,GOLD,Hyderabad,1026000,48000,Diesel, 2nd Owner,2018,Skoda
163,163,Maruti Suzuki Ertiga,GOLD,Hyderabad,821000,51000,Diesel, 2nd Owner,2017,Maruti
164,164,Hyundai Grand i10,GOLD,Chennai,725000,24990,Petrol, 2nd Owner,2020,Hyundai
165,165,Maruti Suzuki Ertiga,GOLD,Delhi,600000,48600,Diesel, 1st Owner,2015,Maruti
166,166,Maruti Suzuki Alto,GOLD,Delhi,336000,3600,Petrol, 1st Owner,2019,Maruti
167,167,Tata Indigo eCS,GOLD,Nanded,200000,115000,Diesel, 2nd Owner,2012,Tata
168,168,Maruti Suzuki Dzire,PLATINUM,Pune,680699,29594,Petrol, 2nd Owner,2019,Maruti
169,169,Honda City VX,PLATINUM,Pune,714899,55953,Petrol, 1st Owner,2015,Honda
170,170,Maruti Suzuki Alto,PLATINUM,Pune,316799,16980,Petrol, 1st Owner,2016,Maruti
171,171,Ford Ecosport -,PLATINUM,Pune,675099,41828,Diesel, 2nd Owner,2016,Ford
172,172,Maruti Suzuki S,PLATINUM,Pune,1057399,64803,Diesel, 2nd Owner,2018,Maruti
173,173,Maruti Suzuki Ertiga,PLATINUM,Pune,938099,44460,Diesel, 2nd Owner,2018,Maruti
174,174,Tata Nexon -,PLATINUM,Pune,1057699,14276,Diesel, 2nd Owner,2018,Tata
175,175,Maruti Suzuki Wagon,PLATINUM,Pune,610099,23425,Petrol, 2nd Owner,2019,Maruti
176,176,Maruti Suzuki Alto,PLATINUM,Pune,452199,23056,Petrol, 2nd Owner,2018,Maruti
177,177,Hyundai Elite i20,PLATINUM,Pune,712699,16102,Petrol, 2nd Owner,2019,Hyundai
178,178,Maruti Suzuki Vitara,PLATINUM,Pune,838699,56615,Diesel, 1st Owner,2019,Maruti
179,179,Mahindra TUV300 -,PLATINUM,Pune,666899,70317,Diesel, 1st Owner,2015,Mahindra
180,180,MG Motors Hector,PLATINUM,Bangalore,1681899,6760,Petrol, 2nd Owner,2020,MG
181,181,MG Motors Hector,PLATINUM,Chennai,1854599,8870,Petrol, 2nd Owner,2020,MG
182,182,Maruti Suzuki Baleno,PLATINUM,Pune,571499,78209,Petrol, 1st Owner,2016,Maruti
183,183,Volkswagen Vento -,PLATINUM,Pune,589199,64292,Petrol, 2nd Owner,2015,Volkswagen
184,184,Toyota Innova Crysta,GOLD,Chennai,2350000,57000,Diesel, 2nd Owner,2020,Toyota
185,185,Toyota Fortuner -,GOLD,Chennai,3650000,42000,Diesel, 2nd Owner,2019,Toyota
186,186,Toyota Innova 2.5,GOLD,Hyderabad,445000,141000,Diesel, 2nd Owner,2011,Toyota
187,187,Ssangyong Rexton RX7,GOLD,Malappuram,1231000,82000,Diesel, 2nd Owner,2017,Ssangyong
188,188,Toyota Fortuner 3.0,GOLD,Chandigarh,1231000,117000,Diesel, 2nd Owner,2012,Toyota
189,189,Mahindra TUV300 T8,GOLD,Chennai,600000,70000,Diesel, 2nd Owner,2015,Mahindra
190,190,Hyundai i20 Magna,GOLD,Bangalore,320000,89450,Diesel, 2nd Owner,2011,Hyundai
191,191,Maruti Suzuki Ertiga,GOLD,Madurai,1175000,29000,Petrol, 2nd Owner,2020,Maruti
192,192,Maruti Suzuki Alto,PLATINUM,Pune,351699,58771,Petrol, 2nd Owner,2015,Maruti
193,193,Maruti Suzuki Alto,PLATINUM,Pune,299199,53266,Petrol, 2nd Owner,2016,Maruti
194,194,Honda Amaze -,PLATINUM,Pune,657199,9200,Petrol, 2nd Owner,2019,Honda
195,195,Ford Ecosport -,PLATINUM,Pune,539299,61721,Petrol, 2nd Owner,2014,Ford
196,196,Hyundai Grand i10,PLATINUM,Pune,608399,18333,Petrol, 2nd Owner,2017,Hyundai
197,197,Ford Ecosport -,PLATINUM,Pune,1042799,51780,Petrol, 2nd Owner,2019,Ford
198,198,Maruti Suzuki Baleno,PLATINUM,Pune,645199,30854,Petrol, 2nd Owner,2018,Maruti
199,199,Ford Ecosport -,PLATINUM,Pune,811899,24680,Petrol, 2nd Owner,2017,Ford
200,200,Volkswagen Vento -,PLATINUM,Pune,557799,85663,Petrol, 1st Owner,2015,Volkswagen
201,201,Mahindra Bolero -,PLATINUM,Pune,873999,20541,Diesel, 2nd Owner,2021,Mahindra
202,202,Hyundai i20 Magna,PLATINUM,Pune,278299,64182,Petrol, 1st Owner,2010,Hyundai
203,203,Maruti Suzuki S,PLATINUM,Pune,986399,58819,Diesel, 2nd Owner,2017,Maruti
204,204,Maruti Suzuki Wagon,PLATINUM,Pune,610099,32057,Petrol, 2nd Owner,2019,Maruti
205,205,Jeep Compass -,PLATINUM,Pune,1749899,18403,Petrol, 2nd Owner,2018,Jeep
206,206,Maruti Suzuki Alto,PLATINUM,Pune,443899,7877,Petrol, 2nd Owner,2018,Maruti
207,207,Hyundai Verna 1.6,PLATINUM,Pune,936299,15509,Petrol, 2nd Owner,2018,Hyundai
208,208,Honda Jazz VX,GOLD,Madurai,850000,15000,Petrol, 2nd Owner,2018,Honda
209,209,Maruti Suzuki Ignis,GOLD,Madurai,595000,75000,Diesel, 2nd Owner,2017,Maruti
210,210,Hyundai i10 Magna,GOLD,Mumbai,175000,62000,Petrol, 2nd Owner,2008,Hyundai
211,211,Hyundai Creta 1.6,GOLD,Chennai,930000,134500,Diesel, 2nd Owner,2018,Hyundai
212,212,Toyota Fortuner 3.0,GOLD,BolpurSantiniketan,1500000,63896,Diesel, 2nd Owner,2012,Toyota
213,213,Mahindra Scorpio -,GOLD,Chennai,159000,90000,Diesel, 2nd Owner,2005,Mahindra
214,214,Maruti Suzuki Alto,GOLD,Chennai,69000,58000,Petrol, 2nd Owner,2007,Maruti
215,215,Ford Ikon -,GOLD,Chennai,69000,85000,Diesel, 2nd Owner,2008,Ford
216,216,Maruti Suzuki Baleno,PLATINUM,Pune,580599,48329,Petrol, 1st Owner,2016,Maruti
217,217,Renault Kwid RXT,PLATINUM,Pune,404499,21301,Petrol, 2nd Owner,2019,Renault
218,218,Maruti Suzuki Vitara,PLATINUM,Pune,838699,34566,Diesel, 2nd Owner,2019,Maruti
219,219,Renault Kwid -,PLATINUM,Pune,446499,34297,Petrol, 2nd Owner,2018,Renault
220,220,Tata Hexa -,PLATINUM,Pune,1047499,119571,Diesel, 2nd Owner,2017,Tata
221,221,Maruti Suzuki Alto,PLATINUM,Pune,345599,27957,Petrol, 2nd Owner,2018,Maruti
222,222,Ford Ecosport -,PLATINUM,Pune,784399,27210,Petrol, 2nd Owner,2018,Ford
223,223,Maruti Suzuki Swift,PLATINUM,Pune,489399,21610,Petrol, 2nd Owner,2014,Maruti
224,224,Maruti Suzuki Baleno,PLATINUM,Pune,627499,40902,Petrol, 2nd Owner,2017,Maruti
225,225,Maruti Suzuki Alto,PLATINUM,Pune,288399,11057,Petrol, 2nd Owner,2015,Maruti
226,226,Maruti Suzuki Baleno,PLATINUM,Pune,573999,72505,Petrol, 2nd Owner,2016,Maruti
227,227,Hyundai Creta -,PLATINUM,Pune,1373699,31338,Petrol, 1st Owner,2018,Hyundai
228,228,Maruti Suzuki Alto,PLATINUM,Pune,279799,28674,Petrol, 2nd Owner,2016,Maruti
229,229,Hyundai Elite i20,PLATINUM,Pune,658199,25416,Petrol, 1st Owner,2018,Hyundai
230,230,Hyundai Grand i10,PLATINUM,Pune,465499,14765,Petrol, 2nd Owner,2016,Hyundai
231,231,Toyota Etios -,PLATINUM,Pune,563999,60380,Diesel, 1st Owner,2015,Toyota
232,232,Hyundai Santro -,GOLD,Chennai,59000,85000,Petrol, 2nd Owner,2001,Hyundai
233,233,Hyundai Getz -,GOLD,Chennai,119000,73000,Petrol, 2nd Owner,2006,Hyundai
234,234,Hyundai Santro Xing,GOLD,Chennai,69000,85000,Petrol, 2nd Owner,2004,Hyundai
235,235,Hyundai Santro -,GOLD,Chennai,89000,85000,Petrol, 2nd Owner,2002,Hyundai
236,236,Ford Figo -,GOLD,Chennai,129000,86000,Diesel, 2nd Owner,2012,Ford
237,237,Toyota Fortuner 2.8,GOLD,Lucknow,2931000,55000,Diesel, 2nd Owner,2019,Toyota
238,238,Mahindra Bolero ZLX,GOLD,Chennai,790000,79950,Diesel, 2nd Owner,2018,Mahindra
239,239,Fiat Linea Emotion,GOLD,Chennai,200000,75000,Diesel, 2nd Owner,2009,Fiat
240,240,Maruti Suzuki Baleno,PLATINUM,Pune,718699,19775,Petrol, 2nd Owner,2018,Maruti
241,241,Tata Tiago -,PLATINUM,Pune,543399,28495,Petrol, 1st Owner,2018,Tata
242,242,Hyundai Creta -,PLATINUM,Pune,1780399,28344,Diesel, 2nd Owner,2020,Hyundai
243,243,Toyota Glanza -,PLATINUM,Pune,757999,10801,Petrol, 2nd Owner,2020,Toyota
244,244,Tata Nexon -,PLATINUM,Pune,1013999,4365,Petrol, 1st Owner,2019,Tata
245,245,Maruti Suzuki Celerio,PLATINUM,Pune,439999,53266,Diesel, 2nd Owner,2016,Maruti
246,246,Maruti Suzuki S,PLATINUM,Pune,839199,50866,Diesel, 2nd Owner,2018,Maruti
247,247,Maruti Suzuki Alto,PLATINUM,Pune,421799,24230,Petrol, 2nd Owner,2019,Maruti
248,248,Maruti Suzuki Baleno,PLATINUM,Pune,580599,64275,Petrol, 2nd Owner,2016,Maruti
249,249,Hyundai Venue -,PLATINUM,Pune,986799,8924,Petrol, 2nd Owner,2019,Hyundai
250,250,MG Motors Hector,PLATINUM,Pune,2057399,12208,Petrol, 2nd Owner,2021,MG
251,251,Honda City V,PLATINUM,Pune,1082299,26956,Petrol, 2nd Owner,2018,Honda
252,252,Hyundai Grand i10,PLATINUM,Pune,576999,12223,Petrol, 2nd Owner,2017,Hyundai
253,253,Hyundai Grand i10,PLATINUM,Pune,533199,23960,Petrol, 2nd Owner,2016,Hyundai
254,254,Maruti Suzuki Wagon,PLATINUM,Pune,473299,33687,Petrol, 2nd Owner,2015,Maruti
255,255,MG Motors Hector,PLATINUM,Pune,1838399,24887,Petrol, 2nd Owner,2020,MG
256,256,Toyota Innova 2.5,GOLD,Mumbai,800000,74000,Diesel, 2nd Owner,2013,Toyota
257,257,Nissan Micra XE,GOLD,Bhubaneswar,199000,40000,Petrol, 2nd Owner,2011,Nissan
258,258,Hyundai Creta 1.6,GOLD,Pune,1750000,45000,Diesel, 2nd Owner,2020,Hyundai
259,259,Maruti Suzuki Swift,GOLD,Chennai,595000,41000,Diesel, 2nd Owner,2018,Maruti
260,261,BMW 3 Series,GOLD,Mumbai,1890000,61000,Diesel, 2nd Owner,2015,BMW
261,262,Jaguar XF 2.2,GOLD,Mumbai,2150000,20000,Diesel, 2nd Owner,2014,Jaguar
262,263,Hyundai Verna Fluidic,GOLD,Mumbai,699000,26000,Petrol, 1st Owner,2015,Hyundai
263,264,Hyundai Grand i10,PLATINUM,Pune,451799,71423,Petrol, 2nd Owner,2015,Hyundai
264,265,Hyundai Grand i10,PLATINUM,Pune,446999,34095,Petrol, 1st Owner,2015,Hyundai
265,266,Maruti Suzuki Wagon,PLATINUM,Pune,470799,32658,Petrol, 2nd Owner,2016,Maruti
266,267,Maruti Suzuki Ignis,PLATINUM,Pune,511799,33166,Petrol, 2nd Owner,2017,Maruti
267,268,Maruti Suzuki Wagon,PLATINUM,Chennai,399899,31284,Petrol, 2nd Owner,2014,Maruti
268,269,Maruti Suzuki Wagon,PLATINUM,Pune,375999,66090,Petrol, 2nd Owner,2015,Maruti
269,270,Ford Ecosport -,PLATINUM,Pune,664799,51295,Petrol, 2nd Owner,2016,Ford
270,271,Maruti Suzuki Baleno,PLATINUM,Pune,617799,48693,Petrol, 2nd Owner,2016,Maruti
271,272,Maruti Suzuki Ciaz,PLATINUM,Pune,749299,36626,Diesel, 2nd Owner,2017,Maruti
272,273,Renault Duster -,PLATINUM,Pune,795799,55752,Diesel, 2nd Owner,2016,Renault
273,274,Tata Tigor -,PLATINUM,Pune,543499,49341,Diesel, 2nd Owner,2017,Tata
274,275,Maruti Suzuki Alto,PLATINUM,Chennai,317199,60251,Petrol, 2nd Owner,2015,Maruti
275,276,Maruti Suzuki Alto,PLATINUM,Pune,373699,22269,Petrol, 2nd Owner,2015,Maruti
276,277,Volkswagen Ameo -,PLATINUM,Pune,501799,38999,Petrol, 2nd Owner,2016,Volkswagen
277,278,Maruti Suzuki Vitara,PLATINUM,Pune,838699,29110,Diesel, 2nd Owner,2019,Maruti
278,279,Hyundai Creta -,PLATINUM,Pune,1804399,14506,Petrol, 2nd Owner,2020,Hyundai
279,280,Chevrolet Beat LT,GOLD,Bangalore,175000,55000,Petrol, 2nd Owner,2010,Chevrolet
280,281,Tata Hexa XM,GOLD,Madurai,1200000,60000,Diesel, 2nd Owner,2018,Tata
281,282,Toyota Corolla H5,GOLD,Chennai,170000,80000,Petrol, 2nd Owner,2006,Toyota
283,284,Maruti Suzuki Wagon,GOLD,Chennai,360000,36000,Petrol, 2nd Owner,2014,Maruti
284,285,Hyundai Xcent 1.2,GOLD,Chennai,299000,95000,Diesel, 2nd Owner,2016,Hyundai
285,286,Ford Figo 1.5,GOLD,Chennai,176000,88000,Diesel, 2nd Owner,2010,Ford
286,287,Maruti Suzuki Wagon,GOLD,Chennai,325000,60000,Petrol, 1st Owner,2014,Maruti
287,288,Hyundai Creta -,PLATINUM,Pune,1804399,14506,Petrol, 2nd Owner,2020,Hyundai
288,289,Maruti Suzuki S,PLATINUM,Pune,985299,29115,Diesel, 2nd Owner,2017,Maruti
289,290,Maruti Suzuki Baleno,PLATINUM,Pune,642899,34763,Petrol, 2nd Owner,2017,Maruti
290,291,Maruti Suzuki Ciaz,PLATINUM,Chennai,740000,12500,Diesel, 2nd Owner,2015,Maruti
291,292,Maruti Suzuki Baleno,PLATINUM,Pune,610000,85000,Petrol, 2nd Owner,2017,Maruti
292,293,Hyundai Grand i10,PLATINUM,Pune,495000,40000,Petrol, 2nd Owner,2016,Hyundai
293,294,Hyundai Verna 1.6,PLATINUM,Pune,510000,71000,Petrol, 2nd Owner,2014,Hyundai
294,295,Maruti Suzuki Baleno,PLATINUM,Pune,560000,44000,Petrol, 2nd Owner,2017,Maruti
295,296,Toyota Innova 2.0,PLATINUM,Pune,455000,124000,Diesel, 2nd Owner,2009,Toyota
296,297,Maruti Suzuki Wagon,PLATINUM,Pune,350000,78000,CNG, 2nd Owner,2012,Maruti
297,298,Renault Kwid CLIMBER,PLATINUM,Bangalore,463099,44696,Petrol, 1st Owner,2017,Renault
298,299,Maruti Suzuki Alto,PLATINUM,Pune,350599,33004,Petrol, 2nd Owner,2018,Maruti
299,300,Hyundai Verna Fluidic,PLATINUM,Chennai,636299,46034,Petrol, 1st Owner,2016,Hyundai
300,301,Hyundai Grand i10,PLATINUM,Chennai,698199,60307,Petrol, 1st Owner,2020,Hyundai
301,302,Hyundai Grand i10,PLATINUM,Chennai,764199,8825,Petrol, 1st Owner,2021,Hyundai
302,303,Maruti Suzuki Celerio,PLATINUM,Chennai,524799,5743,Petrol, 1st Owner,2019,Maruti
303,304,Ford EcoSport Ambiente,GOLD,Chennai,420000,87000,Diesel, 1st Owner,2013,Ford
304,305,Kia Seltos GTX,GOLD,Bangalore,1831000,19500,Petrol, 2nd Owner,2020,Kia
305,306,Chevrolet Beat LS,GOLD,Chennai,210000,60000,Petrol, 2nd Owner,2010,Chevrolet
306,307,Volkswagen Vento Highline,GOLD,Chennai,465000,70000,Petrol, 2nd Owner,2013,Volkswagen
307,308,Audi Q7 35,GOLD,Chennai,2250000,65000,Diesel, 2nd Owner,2017,Audi
308,309,Maruti Suzuki Ertiga,GOLD,Chennai,1090000,35623,Petrol, 2nd Owner,2020,Maruti
309,310,Toyota Innova -,GOLD,Bangalore,375000,160000,Petrol, 2nd Owner,2005,Toyota
310,311,Hyundai i20 Sportz,GOLD,Chennai,225000,98500,Petrol, 2nd Owner,2009,Hyundai
311,312,Maruti Suzuki Celerio,PLATINUM,Chennai,524799,5743,Petrol, 1st Owner,2019,Maruti
312,313,Maruti Suzuki Eeco,PLATINUM,Chennai,493899,25735,Petrol, 1st Owner,2019,Maruti
313,314,Hyundai Elite i20,PLATINUM,Chennai,825299,37522,Petrol, 2nd Owner,2019,Hyundai
314,315,Maruti Suzuki Wagon,PLATINUM,Chennai,495499,38955,Petrol, 1st Owner,2018,Maruti
315,317,Hyundai Eon Era,PLATINUM,Chennai,277599,65308,Petrol, 1st Owner,2014,Hyundai
316,318,Maruti Suzuki Wagon,PLATINUM,Chennai,473899,30467,Petrol, 1st Owner,2017,Maruti
317,319,Hyundai Venue S,PLATINUM,Chennai,855299,1954,Petrol, 1st Owner,2019,Hyundai
318,320,Hyundai Santro 1.1,PLATINUM,Chennai,540299,35220,Petrol, 1st Owner,2019,Hyundai
319,321,Hyundai Elite i20,PLATINUM,Chennai,642899,75876,Petrol, 1st Owner,2016,Hyundai
320,322,Maruti Suzuki Alto,PLATINUM,Chennai,442299,27020,Petrol, 1st Owner,2021,Maruti
321,323,Renault Triber 1.0,PLATINUM,Chennai,725399,13739,Petrol, 1st Owner,2019,Renault
322,324,Maruti Suzuki Wagon,PLATINUM,Chennai,558299,21544,Petrol, 1st Owner,2019,Maruti
323,325,Maruti Suzuki Alto,PLATINUM,Chennai,354299,13816,Petrol, 1st Owner,2016,Maruti
324,326,Hyundai Elite i20,PLATINUM,Chennai,673599,23817,Petrol, 1st Owner,2016,Hyundai
325,327,Hyundai Grand i10,PLATINUM,Chennai,525099,60985,Petrol, 1st Owner,2017,Hyundai
326,328,Hyundai Verna SX,GOLD,Chennai,525000,80000,Diesel, 2nd Owner,2012,Hyundai
327,329,Volkswagen Polo Comfortline,GOLD,Chennai,675000,30123,Petrol, 2nd Owner,2018,Volkswagen
328,330,Renault Kwid RXT,GOLD,Chennai,325000,67000,Petrol, 2nd Owner,2016,Renault
329,331,Renault Triber RXT,GOLD,Chennai,645000,26123,Petrol, 2nd Owner,2020,Renault
330,332,Maruti Suzuki Ertiga,GOLD,Chennai,785000,60123,Petrol, 2nd Owner,2017,Maruti
331,333,Mahindra TUV300 T8,GOLD,Chennai,690000,52123,Diesel, 2nd Owner,2016,Mahindra
332,334,Maruti Suzuki Celerio,GOLD,Chennai,425000,11123,Petrol, 2nd Owner,2018,Maruti
333,335,Hyundai Elite i20,GOLD,Chennai,645000,41233,Petrol, 2nd Owner,2019,Hyundai
334,336,Maruti Suzuki Swift,PLATINUM,Chennai,529699,50141,Petrol, 1st Owner,2016,Maruti
335,337,Maruti Suzuki Ertiga,PLATINUM,Bangalore,1081899,86033,Diesel, 2nd Owner,2018,Maruti
336,338,Fiat Linea Dynamic,PLATINUM,Kolkata,256000,30000,Petrol, 1st Owner,2012,Fiat
337,339,Honda City ZX,PLATINUM,Bangalore,290000,86924,Petrol, 2nd Owner,2008,Honda
338,340,Volkswagen Polo GT,PLATINUM,Bangalore,735000,68870,Petrol, 2nd Owner,2016,Volkswagen
339,341,Maruti Suzuki XL6,PLATINUM,Bangalore,1244799,22292,Petrol, 2nd Owner,2019,Maruti
340,342,Honda Amaze -,PLATINUM,Bangalore,474399,44013,Petrol, 1st Owner,2014,Honda
341,343,Maruti Suzuki Wagon,PLATINUM,Bangalore,389399,96250,Petrol, 2nd Owner,2016,Maruti
342,344,Maruti Suzuki Swift,PLATINUM,Chennai,562399,59839,Petrol, 2nd Owner,2017,Maruti
343,345,Hyundai Grand i10,PLATINUM,Chennai,446699,49693,Petrol, 2nd Owner,2015,Hyundai
344,346,Renault Kwid RXT,PLATINUM,Bangalore,439999,22223,Petrol, 1st Owner,2017,Renault
345,347,Honda Amaze -,PLATINUM,Bangalore,918999,8030,Petrol, 2nd Owner,2021,Honda
346,348,Volkswagen Polo -,PLATINUM,Bangalore,815799,38780,Petrol, 2nd Owner,2016,Volkswagen
347,349,Maruti Suzuki Vitara,PLATINUM,Bangalore,896799,31919,Diesel, 2nd Owner,2018,Maruti
348,350,Hyundai i10 Sportz,PLATINUM,Bangalore,411399,47564,Petrol, 2nd Owner,2015,Hyundai
349,351,Hyundai Grand i10,PLATINUM,Bangalore,498999,42836,Petrol, 2nd Owner,2013,Hyundai
350,352,Renault Kwid RXT,GOLD,Chennai,470000,6000,Petrol, 2nd Owner,2020,Renault
351,353,Tata Indica -,GOLD,Chennai,69000,85000,Diesel, 2nd Owner,2007,Tata
352,354,Mahindra TUV300 T8,GOLD,Madurai,925000,27000,Diesel, 2nd Owner,2018,Mahindra
353,355,Mahindra Scorpio LX,GOLD,Chennai,495000,690000,Diesel, 2nd Owner,2013,Mahindra
354,357,Maruti Suzuki Ertiga,GOLD,Chennai,1090000,35000,Petrol, 2nd Owner,2020,Maruti
355,358,Toyota Etios Liva,GOLD,Delhi,300000,135000,Diesel, 2nd Owner,2013,Toyota
356,359,Tata Aria Prestige,GOLD,Bangalore,450000,115000,Diesel, 2nd Owner,2012,Tata
357,360,Ford Figo -,PLATINUM,Bangalore,357999,50488,Petrol, 2nd Owner,2015,Ford
358,361,Maruti Suzuki Ignis,PLATINUM,Pune,462599,12916,Petrol, 1st Owner,2018,Maruti
359,362,Hyundai Elite i20,PLATINUM,Bangalore,695199,30731,Petrol, 1st Owner,2016,Hyundai
360,363,Maruti Suzuki Eeco,PLATINUM,Bangalore,490399,8825,Petrol, 2nd Owner,2019,Maruti
361,364,Renault Kwid RxL,PLATINUM,Bangalore,340099,21627,Petrol, 3rd Owner,2016,Renault
362,365,Maruti Suzuki Ertiga,PLATINUM,Bangalore,997899,5580,Petrol, 2nd Owner,2020,Maruti
363,366,Hyundai i10 Sportz,PLATINUM,Bangalore,351599,41371,Petrol, 1st Owner,2013,Hyundai
364,367,Maruti Suzuki Swift,PLATINUM,Bangalore,603799,42313,Petrol, 1st Owner,2016,Maruti
365,368,Hyundai Elite i20,PLATINUM,Bangalore,599799,74913,Petrol, 2nd Owner,2016,Hyundai
366,369,Maruti Suzuki Wagon,PLATINUM,Bangalore,456099,74760,Petrol, 2nd Owner,2018,Maruti
367,370,Ford Ecosport -,PLATINUM,Bangalore,993699,34045,Diesel, 2nd Owner,2019,Ford
368,371,Maruti Suzuki Ritz,PLATINUM,Bangalore,312299,143147,Petrol, 2nd Owner,2010,Maruti
369,372,Hyundai Venue -,PLATINUM,Bangalore,1221799,28149,Petrol, 1st Owner,2019,Hyundai
370,373,Maruti Suzuki Swift,PLATINUM,Bangalore,522999,38049,Petrol, 2nd Owner,2015,Maruti
371,374,Hyundai EON Magna,PLATINUM,Bangalore,323399,78895,Petrol, 2nd Owner,2014,Hyundai
372,375,Hyundai Grand i10,PLATINUM,Bangalore,510799,27027,Petrol, 2nd Owner,2015,Hyundai
373,376,Mahindra XUV 500,GOLD,Pune,750000,66000,Diesel, 2nd Owner,2013,Mahindra
374,377,Hyundai Getz GLS,GOLD,Bangalore,155000,82000,Petrol, 2nd Owner,2005,Hyundai
375,378,Maruti Suzuki Swift,GOLD,Chennai,350000,57000,Petrol, 2nd Owner,2011,Maruti
376,379,Honda Amaze 1.5,GOLD,Pune,410000,71000,Diesel, 2nd Owner,2014,Honda
377,380,Hyundai Eon Era,GOLD,Pune,275000,47000,CNG, 2nd Owner,2014,Hyundai
378,381,Hyundai Grand i10,GOLD,Pune,465000,37000,Petrol, 2nd Owner,2017,Hyundai
379,382,Maruti Suzuki Zen,GOLD,Bangalore,145000,73000,Petrol, 2nd Owner,2007,Maruti
380,383,Hyundai Getz GLS,GOLD,Bangalore,165000,82650,Petrol, 2nd Owner,2007,Hyundai
381,384,Maruti Suzuki Vitara,PLATINUM,Pune,910799,23940,Petrol, 2nd Owner,2020,Maruti
382,385,Renault Captur -,PLATINUM,Chennai,722899,26678,Petrol, 2nd Owner,2018,Renault
383,386,Honda WR V,PLATINUM,Pune,809499,41342,Diesel, 2nd Owner,2018,Honda
384,387,Maruti Suzuki Alto,PLATINUM,Bangalore,297399,59614,Petrol, 1st Owner,2013,Maruti
385,388,Maruti Suzuki Alto,PLATINUM,Bangalore,411999,39550,Petrol, 2nd Owner,2016,Maruti
386,389,Renault Triber -,PLATINUM,Bangalore,623399,28621,Petrol, 1st Owner,2019,Renault
387,390,Honda Brio -,PLATINUM,Bangalore,372399,60437,Petrol, 1st Owner,2013,Honda
388,391,Maruti Suzuki Wagon,PLATINUM,Chennai,518099,26598,Petrol, 2nd Owner,2018,Maruti
389,392,Honda Amaze -,PLATINUM,Chennai,485599,62723,Petrol, 2nd Owner,2015,Honda
390,393,Maruti Suzuki Baleno,PLATINUM,Chennai,636899,21145,Petrol, 2nd Owner,2017,Maruti
391,394,Hyundai Grand i10,PLATINUM,Pune,396999,48699,Petrol, 1st Owner,2013,Hyundai
392,395,Ford Ecosport -,PLATINUM,Pune,980399,10102,Petrol, 2nd Owner,2019,Ford
393,396,Maruti Suzuki Baleno,PLATINUM,Bangalore,658999,34881,Petrol, 1st Owner,2017,Maruti
394,397,Hyundai EON D,PLATINUM,Bangalore,304099,53997,Petrol, 2nd Owner,2015,Hyundai
395,398,Maruti Suzuki Alto,PLATINUM,Bangalore,362599,49076,Petrol, 1st Owner,2015,Maruti
396,399,Maruti Suzuki Alto,PLATINUM,Bangalore,344199,65951,Petrol, 2nd Owner,2014,Maruti
397,400,Maruti Suzuki Swift,GOLD,Bangalore,215000,116000,Petrol, 2nd Owner,2007,Maruti
398,401,Skoda Rapid 1.5,GOLD,Bangalore,550000,136000,Diesel, 1st Owner,2015,Skoda
399,402,Renault Duster 110PS,GOLD,Pune,550000,85000,Diesel, 2nd Owner,2013,Renault
400,403,Hyundai Santro -,GOLD,Chennai,89000,85000,Petrol, 2nd Owner,2002,Hyundai
401,404,Maruti Suzuki Alto,GOLD,Chennai,79000,85000,Petrol, 2nd Owner,2001,Maruti
402,405,Chevrolet Aveo -,GOLD,Chennai,67000,63000,Petrol, 2nd Owner,2007,Chevrolet
403,406,Ford Ikon -,GOLD,Chennai,59000,73000,Petrol, 2nd Owner,2009,Ford
404,407,Maruti Suzuki Wagon,GOLD,Chennai,69000,85000,Petrol, 2nd Owner,2007,Maruti
405,408,Maruti Suzuki Alto,PLATINUM,Bangalore,462399,15032,Petrol, 1st Owner,2017,Maruti
406,409,Maruti Suzuki Alto,PLATINUM,Pune,319999,15575,Petrol, 2nd Owner,2017,Maruti
407,410,Maruti Suzuki Swift,PLATINUM,Pune,275699,147819,Diesel, 3rd Owner,2010,Maruti
408,411,Hyundai Grand i10,PLATINUM,Bangalore,501599,35203,Petrol, 2nd Owner,2016,Hyundai
409,412,Maruti Suzuki Eeco,PLATINUM,Bangalore,506599,7597,Petrol, 1st Owner,2020,Maruti
410,413,Mahindra Scorpio S5,PLATINUM,Bangalore,1198599,34883,Diesel, 1st Owner,2018,Mahindra
411,414,Ford Ecosport -,PLATINUM,Bangalore,775499,59580,Diesel, 2nd Owner,2017,Ford
412,415,Maruti Suzuki Ritz,PLATINUM,Bangalore,338999,49647,Petrol, 2nd Owner,2011,Maruti
413,416,Hyundai Verna Fluidic,PLATINUM,Bangalore,652699,67577,Petrol, 2nd Owner,2016,Hyundai
414,417,Tata Tiago -,PLATINUM,Bangalore,535899,10890,Petrol, 1st Owner,2017,Tata
415,418,Maruti Suzuki Swift,PLATINUM,Chennai,492099,57444,Petrol, 1st Owner,2015,Maruti
416,419,Honda City -,PLATINUM,Bangalore,885999,33598,Petrol, 2nd Owner,2017,Honda
417,420,Ford Freestyle -,PLATINUM,Bangalore,694899,17804,Petrol, 2nd Owner,2018,Ford
418,421,Maruti Suzuki Swift,PLATINUM,Pune,450599,62613,Petrol, 2nd Owner,2013,Maruti
419,422,Hyundai i20 Asta,PLATINUM,Bangalore,377999,56974,Petrol, 2nd Owner,2010,Hyundai
420,423,Datsun Redi GO,PLATINUM,Bangalore,491499,1405,Petrol, 1st Owner,2021,Datsun
421,424,Maruti Suzuki Omni,GOLD,Chennai,89000,85000,Petrol, 2nd Owner,2008,Maruti
422,425,Hyundai Creta 1.6,GOLD,Bangalore,1865000,8000,Petrol, 2nd Owner,2020,Hyundai
423,426,Datsun GO T,GOLD,Kolkata,235000,29000,Petrol, 2nd Owner,2014,Datsun
424,427,Mahindra Bolero B6,GOLD,Bangalore,1025000,22000,Diesel, 2nd Owner,2020,Mahindra
425,428,Volkswagen Polo GT,GOLD,Pune,450000,118000,Petrol, 2nd Owner,2014,Volkswagen
426,429,Hyundai Creta 1.6,GOLD,Pondicherry,1575000,23000,Diesel, 2nd Owner,2020,Hyundai
427,430,Maruti Suzuki Swift,GOLD,Pondicherry,695000,34000,Diesel, 2nd Owner,2018,Maruti
428,431,Honda Civic 1.8V,GOLD,Hyderabad,295000,87000,Petrol, 2nd Owner,2008,Honda
429,432,Hyundai Verna -,PLATINUM,Pune,1171199,36965,Petrol, 2nd Owner,2018,Hyundai
430,433,Honda WR V,PLATINUM,Pune,625699,25526,Petrol, 1st Owner,2017,Honda
431,434,Hyundai Grand i10,PLATINUM,Chennai,453199,20235,Petrol, 1st Owner,2016,Hyundai
432,435,Maruti Suzuki Vitara,PLATINUM,Chennai,850499,61064,Diesel, 2nd Owner,2018,Maruti
433,436,Maruti Suzuki Ignis,PLATINUM,Chennai,548699,12558,Petrol, 2nd Owner,2018,Maruti
434,437,Maruti Suzuki Alto,PLATINUM,Bangalore,498799,14179,Petrol, 1st Owner,2019,Maruti
435,438,Honda City VX,PLATINUM,Chennai,1377199,20379,Petrol, 1st Owner,2020,Honda
436,439,Ford Ecosport -,PLATINUM,Pune,772799,42837,Petrol, 2nd Owner,2017,Ford
437,440,Hyundai Elite i20,PLATINUM,Chennai,572599,67473,Petrol, 2nd Owner,2016,Hyundai
438,441,Honda City V,PLATINUM,Bangalore,774899,27576,Petrol, 1st Owner,2016,Honda
439,442,Maruti Suzuki S,PLATINUM,Pune,885099,80900,Diesel, 2nd Owner,2017,Maruti
440,443,Hyundai Elite i20,PLATINUM,Bangalore,687499,100934,Diesel, 2nd Owner,2017,Hyundai
441,444,Hyundai Elite i20,PLATINUM,Bangalore,567799,29060,Petrol, 2nd Owner,2015,Hyundai
442,445,Hyundai i10 Magna,PLATINUM,Chennai,398499,36129,Petrol, 2nd Owner,2016,Hyundai
443,446,Maruti Suzuki Swift,PLATINUM,Pune,348499,156442,Diesel, 2nd Owner,2011,Maruti
444,447,Maruti Suzuki Wagon,PLATINUM,Chennai,520899,48710,Petrol, 2nd Owner,2018,Maruti
445,448,Ford Figo Diesel,GOLD,Bangalore,225000,80000,Diesel, 2nd Owner,2012,Ford
446,449,Honda City SV,GOLD,Bangalore,725000,57000,Petrol, 2nd Owner,2015,Honda
447,450,Honda CRV -,GOLD,Hyderabad,240000,97000,LPG, 2nd Owner,2004,Honda
448,451,Honda Amaze 1.2,GOLD,Pune,425000,44000,Petrol, 2nd Owner,2013,Honda
449,452,Maruti Suzuki Swift,GOLD,Pune,500000,57000,Petrol, 2nd Owner,2015,Maruti
450,453,Maruti Suzuki Swift,GOLD,Pune,250000,77000,Petrol, 2nd Owner,2008,Maruti
451,454,Maruti Suzuki Ritz,GOLD,Pune,360000,81000,Petrol, 2nd Owner,2013,Maruti
452,455,Hyundai Creta 1.6,GOLD,Pune,975000,41000,Petrol, 2nd Owner,2016,Hyundai
453,456,Ford Ecosport -,PLATINUM,Pune,916799,20619,Petrol, 2nd Owner,2018,Ford
454,457,Maruti Suzuki Wagon,PLATINUM,Pune,480999,51149,Petrol+CNG, 2nd Owner,2018,Maruti
455,458,Tata Nexon -,PLATINUM,Bangalore,1043299,12978,Petrol, 1st Owner,2020,Tata
456,459,Honda City V,PLATINUM,Bangalore,787399,40025,Petrol, 1st Owner,2016,Honda
457,460,Hyundai Grand i10,PLATINUM,Bangalore,501599,63075,Petrol, 2nd Owner,2016,Hyundai
458,461,Honda Brio -,PLATINUM,Chennai,362999,78724,Petrol, 2nd Owner,2012,Honda
459,462,Renault Kwid -,PLATINUM,Pune,403199,12257,Petrol, 2nd Owner,2018,Renault
460,463,Hyundai Venue -,PLATINUM,Bangalore,1022599,26890,Diesel, 2nd Owner,2019,Hyundai
461,464,Nissan Micra Active,PLATINUM,Chennai,483199,20485,Petrol, 2nd Owner,2018,Nissan
462,465,Hyundai EON Era,PLATINUM,Chennai,321399,69220,Petrol, 2nd Owner,2017,Hyundai
463,466,Maruti Suzuki Alto,PLATINUM,Chennai,307999,41900,Petrol, 2nd Owner,2017,Maruti
464,467,Maruti Suzuki Eeco,PLATINUM,Bangalore,478599,11944,Petrol, 2nd Owner,2019,Maruti
465,468,Maruti Suzuki Wagon,PLATINUM,Chennai,405199,66143,Petrol, 2nd Owner,2015,Maruti
466,469,Maruti Suzuki Alto,PLATINUM,Chennai,314999,16563,Petrol, 2nd Owner,2018,Maruti
467,470,Hyundai Elite i20,PLATINUM,Pune,684599,14460,Petrol, 2nd Owner,2016,Hyundai
468,471,Maruti Suzuki Alto,PLATINUM,Bangalore,413099,47120,Petrol, 2nd Owner,2018,Maruti
469,472,Chevrolet Cruze LTZ,GOLD,Bangalore,345000,115000,Diesel, 2nd Owner,2011,Chevrolet
470,473,Renault Scala RxZ,GOLD,Bangalore,385000,79200,Diesel, 2nd Owner,2013,Renault
471,474,Hyundai Verna 1.6,GOLD,Chennai,690000,48877,Diesel, 2nd Owner,2016,Hyundai
472,475,Honda WRV VX,GOLD,Mumbai,825000,32000,Petrol, 2nd Owner,2019,Honda
473,476,Toyota Corolla Altis,GOLD,Mumbai,1425000,51000,Petrol, 2nd Owner,2018,Toyota
474,477,Maruti Suzuki Alto,GOLD,Udaipur,295000,56000,Petrol, 2nd Owner,2014,Maruti
475,478,Tata Tiago Revotorq,GOLD,Pune,700000,14000,Petrol, 2nd Owner,2022,Tata
476,479,Chevrolet Aveo -,GOLD,Chennai,69000,79000,Petrol, 2nd Owner,2006,Chevrolet
477,480,Maruti Suzuki Swift,PLATINUM,Chennai,501199,147960,Diesel, 2nd Owner,2016,Maruti
478,481,Maruti Suzuki Wagon,PLATINUM,Pune,357399,38766,Petrol, 2nd Owner,2014,Maruti
479,482,Maruti Suzuki Eeco,PLATINUM,Bangalore,494199,8409,Petrol, 2nd Owner,2019,Maruti
480,483,Renault Kwid RxL,PLATINUM,Bangalore,424099,20718,Petrol, 2nd Owner,2019,Renault
481,484,Maruti Suzuki Baleno,PLATINUM,Chennai,598299,51125,Petrol, 1st Owner,2017,Maruti
482,485,Hyundai Grand i10,PLATINUM,Bangalore,477599,64459,Petrol, 1st Owner,2014,Hyundai
483,486,Maruti Suzuki Swift,PLATINUM,Pune,447599,29467,Petrol, 1st Owner,2014,Maruti
484,487,Tata Nexon -,PLATINUM,Pune,703999,18019,Petrol, 1st Owner,2017,Tata
485,488,Maruti Suzuki Celerio,PLATINUM,Chennai,416099,40710,Petrol, 2nd Owner,2016,Maruti
486,489,Maruti Suzuki S,PLATINUM,Chennai,559099,1956,Petrol, 2nd Owner,2021,Maruti
487,490,Renault Kwid -,PLATINUM,Bangalore,463099,44696,Petrol, 2nd Owner,2017,Renault
488,491,Hyundai Grand i10,PLATINUM,Bangalore,527099,21531,Petrol, 3rd Owner,2018,Hyundai
489,492,Kia Seltos -,PLATINUM,Pune,1517999,20989,Petrol, 2nd Owner,2019,Kia
490,493,Hyundai i20 -,PLATINUM,Chennai,431099,33901,Petrol, 1st Owner,2013,Hyundai
491,494,Hyundai Grand i10,PLATINUM,Chennai,539799,54696,Petrol, 2nd Owner,2018,Hyundai
492,495,MG Motors Hector,PLATINUM,Bangalore,1800299,11292,Diesel, 2nd Owner,2019,MG
493,496,Renault Duster 110,GOLD,Pune,1025000,14000,Diesel, 2nd Owner,2020,Renault
494,497,Mahindra Logan -,GOLD,Chennai,129000,97000,Diesel, 2nd Owner,2007,Mahindra
495,498,Tata Indigo CS,GOLD,Chennai,79000,85000,Diesel, 2nd Owner,2007,Tata
496,499,Ford EcoSport Trend,GOLD,Pune,525000,50000,Diesel, 2nd Owner,2014,Ford
497,500,Honda Jazz VX,GOLD,Pune,565000,53000,Petrol, 2nd Owner,2016,Honda
498,501,Maruti Suzuki Wagon,GOLD,Pune,435000,27000,Petrol, 2nd Owner,2016,Maruti
499,502,Maruti Suzuki Wagon,GOLD,Pune,425000,52000,Petrol, 2nd Owner,2016,Maruti
500,503,Honda City ZX,GOLD,Chennai,250000,149000,Petrol, 2nd Owner,2007,Honda
501,504,Hyundai Grand i10,PLATINUM,Bangalore,616599,27317,Petrol, 2nd Owner,2017,Hyundai
502,505,Hyundai Xcent -,PLATINUM,Bangalore,466599,79784,Petrol, 2nd Owner,2014,Hyundai
503,506,Audi Q3 -,PLATINUM,Chennai,1656999,73656,Diesel, 1st Owner,2015,Audi
504,507,Tata Tiago -,PLATINUM,Bangalore,562999,27664,Petrol, 1st Owner,2018,Tata
505,508,Hyundai Verna FLUIDIC,PLATINUM,Bangalore,488899,41898,Petrol, 2nd Owner,2012,Hyundai
506,509,Maruti Suzuki S,PLATINUM,Chennai,514599,4889,Petrol, 2nd Owner,2021,Maruti
507,510,Hyundai Grand i10,PLATINUM,Chennai,495299,39836,Petrol, 1st Owner,2015,Hyundai
508,511,Honda Jazz -,PLATINUM,Bangalore,752399,16108,Petrol, 2nd Owner,2016,Honda
509,512,Hyundai Grand i10,PLATINUM,Bangalore,474799,46111,Petrol, 2nd Owner,2015,Hyundai
510,513,Maruti Suzuki Ciaz,PLATINUM,Bangalore,849599,23761,Petrol, 2nd Owner,2018,Maruti
511,514,Maruti Suzuki S,PLATINUM,Bangalore,663199,146782,Diesel, 1st Owner,2016,Maruti
512,515,Hyundai Grand i10,PLATINUM,Bangalore,566699,26597,Petrol, 1st Owner,2016,Hyundai
513,516,Maruti Suzuki Eeco,PLATINUM,Chennai,471199,12323,Petrol, 2nd Owner,2018,Maruti
514,517,Renault Kwid RXL,PLATINUM,Bangalore,385499,3230,Petrol, 1st Owner,2017,Renault
515,518,Maruti Suzuki Swift,PLATINUM,Chennai,491599,62059,Petrol, 3rd Owner,2016,Maruti
516,519,Maruti Suzuki Baleno,PLATINUM,Bangalore,725699,28188,Petrol, 2nd Owner,2019,Maruti
517,520,Maruti Suzuki Wagon,GOLD,Pune,350000,55000,Petrol, 2nd Owner,2013,Maruti
518,521,Maruti Suzuki SX4,GOLD,Pune,210000,79000,Petrol, 2nd Owner,2009,Maruti
519,522,Tata Tiago XZA,GOLD,Pune,460000,55000,Petrol, 2nd Owner,2017,Tata
520,523,BMW 5 Series,GOLD,NaviMumbai,990000,49000,Petrol, 3rd Owner,2010,BMW
521,524,Tata Indica Vista,GOLD,Bangalore,190000,56000,Petrol, 2nd Owner,2009,Tata
522,525,Maruti Suzuki Ertiga,GOLD,Pune,625000,83000,Petrol, 2nd Owner,2014,Maruti
523,526,Maruti Suzuki Baleno,GOLD,Chennai,590000,39226,Petrol, 2nd Owner,2016,Maruti
524,527,Maruti Suzuki Swift,GOLD,Chennai,740000,33901,Petrol, 2nd Owner,2019,Maruti
525,528,Hyundai Grand i10,PLATINUM,Bangalore,640099,32877,Petrol, 2nd Owner,2019,Hyundai
526,529,Maruti Suzuki Ignis,PLATINUM,Chennai,575099,17283,Petrol, 2nd Owner,2019,Maruti
527,530,Maruti Suzuki Ertiga,PLATINUM,Bangalore,1081899,86033,Diesel, 1st Owner,2018,Maruti
528,531,Volkswagen Polo -,PLATINUM,Bangalore,726399,17419,Petrol, 2nd Owner,2018,Volkswagen
529,532,Maruti Suzuki Eeco,PLATINUM,Bangalore,480399,24416,Petrol, 2nd Owner,2019,Maruti
530,533,Renault Kwid RxL,PLATINUM,Bangalore,369599,26700,Petrol, 2nd Owner,2017,Renault
531,534,Maruti Suzuki Swift,PLATINUM,Bangalore,451399,28979,Petrol, 1st Owner,2014,Maruti
532,535,Maruti Suzuki Eeco,PLATINUM,Bangalore,494099,27150,Petrol, 1st Owner,2019,Maruti
533,536,Ford EcoSport -,PLATINUM,Bangalore,1240899,3195,Petrol, 1st Owner,2020,Ford
534,537,Hyundai Eon Era,PLATINUM,Bangalore,286199,26761,Petrol, 1st Owner,2013,Hyundai
535,538,Hyundai Grand i10,PLATINUM,Bangalore,509399,71992,Petrol, 2nd Owner,2017,Hyundai
536,539,Maruti Suzuki Alto,PLATINUM,Bangalore,378099,27239,Petrol, 2nd Owner,2016,Maruti
537,540,Honda Jazz -,PLATINUM,Chennai,586699,36244,Petrol, 2nd Owner,2016,Honda
538,541,Maruti Suzuki Vitara,PLATINUM,Pune,906899,69807,Diesel, 2nd Owner,2019,Maruti
539,542,Maruti Suzuki Vitara,PLATINUM,Pune,882199,31803,Diesel, 2nd Owner,2019,Maruti
540,543,Honda Jazz -,PLATINUM,Bangalore,507999,92373,Petrol, 1st Owner,2015,Honda
541,544,Toyota Etios GD,GOLD,Gurgaon,240000,200000,Diesel, 2nd Owner,2013,Toyota
542,545,Ford EcoSport Titanium,GOLD,Bangalore,825000,46000,Diesel, 2nd Owner,2016,Ford
543,547,Toyota Innova 2.5,GOLD,Bangalore,845000,179000,Diesel, 2nd Owner,2011,Toyota
544,548,Hyundai Grand i10,GOLD,Bangalore,475000,59000,Petrol, 2nd Owner,2016,Hyundai
545,549,Hyundai Creta 1.6,GOLD,Bangalore,1325000,72000,Diesel, 2nd Owner,2017,Hyundai
546,550,Hyundai Creta 1.6,GOLD,Bangalore,1245000,56000,Diesel, 2nd Owner,2017,Hyundai
547,551,Mahindra XUV 500,GOLD,Bangalore,975000,87000,Diesel, 2nd Owner,2014,Mahindra
548,552,Maruti Suzuki Vitara,PLATINUM,Pune,782999,59612,Diesel, 2nd Owner,2016,Maruti
549,553,Ford Ecosport -,PLATINUM,Bangalore,623399,30212,Petrol, 2nd Owner,2014,Ford
550,554,Maruti Suzuki Ignis,PLATINUM,Chennai,548699,18113,Petrol, 2nd Owner,2018,Maruti
551,555,Maruti Suzuki Alto,PLATINUM,Bangalore,397099,48435,Petrol, 2nd Owner,2018,Maruti
552,556,Maruti Suzuki Wagon,PLATINUM,Bangalore,392099,29297,Petrol, 1st Owner,2015,Maruti
553,557,Maruti Suzuki Wagon,PLATINUM,Bangalore,354599,53525,Petrol, 2nd Owner,2012,Maruti
554,558,Honda Amaze -,PLATINUM,Bangalore,719599,15890,Petrol, 1st Owner,2018,Honda
555,559,Honda WR V,PLATINUM,Bangalore,834099,31694,Petrol, 1st Owner,2019,Honda
556,560,Maruti Suzuki Alto,PLATINUM,Chennai,365899,36279,Petrol, 2nd Owner,2017,Maruti
557,561,Hyundai i10 Sportz,PLATINUM,Chennai,400899,33349,Petrol, 1st Owner,2015,Hyundai
558,562,Toyota Etios Liva,PLATINUM,Chennai,320199,103182,Petrol, 1st Owner,2012,Toyota
559,563,Hyundai Xcent S,PLATINUM,Chennai,457399,63048,Petrol, 2nd Owner,2016,Hyundai
560,564,Maruti Suzuki Baleno,PLATINUM,Chennai,717699,26358,Petrol, 2nd Owner,2017,Maruti
561,565,Maruti Suzuki Wagon,PLATINUM,Chennai,417299,18932,Petrol, 1st Owner,2017,Maruti
562,566,Maruti Suzuki Alto,PLATINUM,Pune,323199,20369,Petrol, 2nd Owner,2018,Maruti
563,567,Honda Jazz 1.2,PLATINUM,Bangalore,633999,58769,Petrol, 1st Owner,2016,Honda
564,568,Ford EcoSport Trend,GOLD,Pune,600000,52000,Diesel, 2nd Owner,2016,Ford
565,569,Volkswagen Polo Highline,GOLD,Bangalore,795000,15000,Petrol, 2nd Owner,2019,Volkswagen
566,570,Maruti Suzuki Vitara,GOLD,Pune,1000000,70000,Diesel, 2nd Owner,2019,Maruti
567,571,Hyundai i20 Asta,GOLD,Pune,385000,52000,Petrol, 2nd Owner,2012,Hyundai
568,572,Hyundai i20 Asta,GOLD,Pune,395000,32000,Petrol, 2nd Owner,2013,Hyundai
569,573,Toyota Fortuner 3.0,GOLD,Chennai,1750000,155000,Diesel, 2nd Owner,2015,Toyota
570,574,Maruti Suzuki Swift,GOLD,Chennai,600000,50000,Petrol, 2nd Owner,2017,Maruti
571,575,Mahindra Verito Executive,GOLD,Kurnool,330000,120000,Diesel, 2nd Owner,2015,Mahindra
572,576,Hyundai Creta 1.6,PLATINUM,Chennai,875999,123920,Diesel, 1st Owner,2017,Hyundai
573,577,Hyundai EON -,PLATINUM,Pune,309399,17900,Petrol, 3rd Owner,2016,Hyundai
574,578,Maruti Suzuki Baleno,PLATINUM,Bangalore,658999,31041,Petrol, 1st Owner,2017,Maruti
575,579,Maruti Suzuki Wagon,PLATINUM,Chennai,514099,61875,Petrol, 2nd Owner,2018,Maruti
576,580,Hyundai Elite i20,PLATINUM,Chennai,672899,29210,Petrol, 2nd Owner,2016,Hyundai
577,581,Mahindra TUV300 -,PLATINUM,Pune,620099,35826,Diesel, 1st Owner,2016,Mahindra
578,582,Ford Freestyle -,PLATINUM,Bangalore,733999,29364,Petrol, 2nd Owner,2019,Ford
579,583,Renault Triber -,PLATINUM,Chennai,664699,16304,Petrol, 1st Owner,2021,Renault
580,584,Maruti Suzuki Swift,PLATINUM,Chennai,454299,95731,Petrol, 2nd Owner,2015,Maruti
581,585,Maruti Suzuki Swift,PLATINUM,Bangalore,357499,31011,Petrol, 2nd Owner,2010,Maruti
582,586,Maruti Suzuki Swift,PLATINUM,Pune,447599,30601,Petrol, 1st Owner,2014,Maruti
583,587,Maruti Suzuki S,PLATINUM,Bangalore,422299,14568,Petrol, 1st Owner,2019,Maruti
584,588,Toyota Etios V,PLATINUM,Bangalore,449699,89559,Petrol, 2nd Owner,2012,Toyota
585,589,Hyundai Grand i10,PLATINUM,Bangalore,493499,48834,Petrol, 2nd Owner,2014,Hyundai
586,590,Hyundai Elite i20,PLATINUM,Chennai,605699,74190,Diesel, 2nd Owner,2014,Hyundai
587,591,Ford EcoSport Titanium,PLATINUM,Bangalore,755099,43077,Petrol, 2nd Owner,2016,Ford
588,592,Maruti Suzuki Swift,GOLD,Chennai,490000,58000,Petrol, 2nd Owner,2015,Maruti
589,593,Honda City 1.5,GOLD,Chennai,450000,99000,Petrol, 2nd Owner,2011,Honda
590,594,Tata Indigo CS,GOLD,Bangalore,160000,88500,Diesel, 2nd Owner,2009,Tata
591,595,Chevrolet Beat LT,GOLD,Bangalore,215000,85000,Diesel, 2nd Owner,2012,Chevrolet
592,596,Honda City ZX,GOLD,Pune,1150000,29000,Petrol, 2nd Owner,2019,Honda
593,597,Maruti Suzuki Wagon,GOLD,Bangalore,349000,65000,Petrol, 2nd Owner,2015,Maruti
594,598,MG Motors Hector,GOLD,Surat,1401000,16000,Petrol, 1st Owner,2020,MG
595,599,MG Motors Hector,GOLD,Ahmedabad,1401000,16000,Petrol, 1st Owner,2020,MG
596,600,Maruti Suzuki Eeco,PLATINUM,Bangalore,432699,17981,Petrol, 2nd Owner,2018,Maruti
597,601,Maruti Suzuki Eeco,PLATINUM,Chennai,418599,20780,Petrol, 2nd Owner,2018,Maruti
598,602,Maruti Suzuki Alto,PLATINUM,Chennai,275799,56719,Petrol, 2nd Owner,2014,Maruti
599,603,Maruti Suzuki Wagon,PLATINUM,Bangalore,456199,31108,Petrol, 2nd Owner,2015,Maruti
600,604,Honda City -,PLATINUM,Chennai,728499,33611,Petrol, 2nd Owner,2016,Honda
601,605,Maruti Suzuki Alto,PLATINUM,Chennai,431599,43700,Petrol, 2nd Owner,2019,Maruti
602,606,Maruti Suzuki Ignis,PLATINUM,Pune,533099,49920,Petrol, 2nd Owner,2017,Maruti
603,607,Maruti Suzuki Swift,PLATINUM,Bangalore,451399,57338,Petrol, 1st Owner,2014,Maruti
604,608,Hyundai Venue S,PLATINUM,Bangalore,840699,23096,Petrol, 1st Owner,2020,Hyundai
605,609,Maruti Suzuki Swift,PLATINUM,Chennai,486499,48732,Petrol, 1st Owner,2016,Maruti
606,610,Honda City -,PLATINUM,Pune,450199,67924,Petrol, 1st Owner,2012,Honda
607,611,Maruti Suzuki Wagon,PLATINUM,Chennai,418999,30418,Petrol, 2nd Owner,2014,Maruti
608,612,Honda City -,PLATINUM,Chennai,621299,50593,Petrol, 2nd Owner,2014,Honda
609,613,Hyundai i20 Active,PLATINUM,Chennai,508399,136381,Petrol, 2nd Owner,2016,Hyundai
610,614,Maruti Suzuki Celerio,PLATINUM,Pune,390999,46943,Petrol, 2nd Owner,2015,Maruti
611,615,Maruti Suzuki Swift,PLATINUM,Bangalore,675099,36277,Petrol, 2nd Owner,2017,Maruti
612,616,BMW X5 xDrive30d,GOLD,Madurai,3600000,110000,Diesel, 2nd Owner,2014,BMW
613,617,Kia Seltos HTX,GOLD,Surat,1501000,5600,Diesel, 1st Owner,2021,Kia
614,618,Maruti Suzuki Swift,GOLD,Madurai,825000,44000,Diesel, 2nd Owner,2019,Maruti
615,619,Maruti Suzuki Ertiga,GOLD,Madurai,1100000,40000,Petrol, 2nd Owner,2019,Maruti
616,620,Kia Seltos HTX,GOLD,Ahmedabad,1501000,5600,Diesel, 1st Owner,2021,Kia
617,621,Maruti Suzuki Wagon,GOLD,Ahmedabad,130000,45000,Petrol, 2nd Owner,2007,Maruti
618,622,Toyota Etios GD,GOLD,Chennai,325000,150000,Diesel, 2nd Owner,2012,Toyota
619,623,Tata Indigo CS,GOLD,Chennai,210000,90000,Diesel, 2nd Owner,2016,Tata
620,624,Hyundai Xcent -,PLATINUM,Chennai,464199,70359,Diesel, 2nd Owner,2015,Hyundai
621,625,Hyundai EON Era,PLATINUM,Chennai,343999,42205,Petrol, 2nd Owner,2017,Hyundai
622,626,Nissan Micra -,PLATINUM,Chennai,441499,60539,Petrol, 2nd Owner,2015,Nissan
623,627,Maruti Suzuki Dzire,PLATINUM,Bangalore,684999,16533,Petrol, 2nd Owner,2019,Maruti
624,628,Volkswagen Polo -,PLATINUM,Pune,815399,26596,Petrol, 2nd Owner,2017,Volkswagen
625,629,Hyundai Grand i10,PLATINUM,Pune,468999,30912,Petrol, 2nd Owner,2016,Hyundai
626,630,Hyundai Venue -,PLATINUM,Bangalore,1194799,17951,Diesel, 2nd Owner,2019,Hyundai
627,631,Volkswagen Polo -,PLATINUM,Bangalore,599899,36928,Petrol, 2nd Owner,2015,Volkswagen
628,632,Maruti Suzuki Dzire,PLATINUM,Bangalore,710199,22854,Petrol, 2nd Owner,2018,Maruti
629,633,Hyundai i20 -,PLATINUM,Bangalore,474399,89156,Petrol, 1st Owner,2014,Hyundai
630,634,Maruti Suzuki Baleno,PLATINUM,Chennai,701399,41999,Petrol, 2nd Owner,2019,Maruti
631,635,Honda City -,PLATINUM,Chennai,834599,66145,Petrol, 2nd Owner,2017,Honda
632,636,Maruti Suzuki Alto,PLATINUM,Bangalore,333699,29157,Petrol, 2nd Owner,2017,Maruti
633,637,Hyundai EON Era,PLATINUM,Chennai,349799,33882,Petrol, 2nd Owner,2017,Hyundai
634,638,Hyundai EON Era,PLATINUM,Bangalore,286199,29379,Petrol, 2nd Owner,2013,Hyundai
635,639,Maruti Suzuki Alto,PLATINUM,Bangalore,386699,17352,Petrol, 2nd Owner,2019,Maruti
636,640,Toyota Fortuner 3.0,GOLD,Chennai,1050000,195000,Diesel, 2nd Owner,2011,Toyota
637,641,Maruti Suzuki Swift,GOLD,Chennai,695000,16189,Petrol, 2nd Owner,2020,Maruti
638,642,Maruti Suzuki Swift,GOLD,Chennai,695000,41341,Diesel, 2nd Owner,2018,Maruti
639,643,Tata Tiago Revotorq,GOLD,Pune,550000,62000,Diesel, 2nd Owner,2019,Tata
640,645,Hyundai Creta 1.6,GOLD,Delhi,1300000,19000,Diesel, 1st Owner,2021,Hyundai
641,646,Maruti Suzuki Ritz,GOLD,Jaipur,225000,56000,Petrol, 2nd Owner,2011,Maruti
642,647,Maruti Suzuki Wagon,GOLD,Chennai,250000,91000,Petrol, 2nd Owner,2010,Maruti
643,648,Renault Triber -,PLATINUM,Bangalore,659199,13486,Petrol, 1st Owner,2019,Renault
644,649,Hyundai Grand i10,PLATINUM,Chennai,572599,33562,Petrol, 2nd Owner,2018,Hyundai
645,650,Hyundai Verna -,PLATINUM,Pune,1171199,13691,Petrol, 2nd Owner,2018,Hyundai
646,651,Hyundai Grand i10,PLATINUM,Bangalore,557199,31980,Petrol, 2nd Owner,2017,Hyundai
647,652,Hyundai Grand i10,PLATINUM,Chennai,531399,69526,Petrol, 2nd Owner,2016,Hyundai
648,653,Maruti Suzuki Alto,PLATINUM,Bangalore,426199,21492,Petrol, 2nd Owner,2016,Maruti
649,654,Maruti Suzuki Celerio,PLATINUM,Chennai,432999,47425,Petrol, 1st Owner,2016,Maruti
650,655,Hyundai Grand i10,PLATINUM,Pune,458399,40988,Petrol, 2nd Owner,2016,Hyundai
651,656,Jeep Compass -,PLATINUM,Chennai,1465199,51983,Diesel, 2nd Owner,2018,Jeep
652,657,Maruti Suzuki Vitara,PLATINUM,Pune,783099,69376,Diesel, 2nd Owner,2018,Maruti
653,658,Maruti Suzuki Swift,PLATINUM,Chennai,562399,33094,Petrol, 2nd Owner,2017,Maruti
654,659,Tata Tiago -,PLATINUM,Bangalore,529199,26237,Petrol, 3rd Owner,2017,Tata
655,660,Honda Brio -,PLATINUM,Bangalore,447199,42415,Petrol, 1st Owner,2015,Honda
656,661,Hyundai Creta -,PLATINUM,Pune,944099,112308,Diesel, 2nd Owner,2016,Hyundai
657,662,Maruti Suzuki Celerio,PLATINUM,Bangalore,452099,61427,Petrol, 1st Owner,2017,Maruti
658,663,MG Motors Hector,PLATINUM,Bangalore,1917599,10205,Diesel, 2nd Owner,2019,MG
659,664,Maruti Suzuki Alto,GOLD,Chennai,179000,67000,Petrol, 2nd Owner,2011,Maruti
660,665,Toyota Innova 2.5,GOLD,Chennai,775000,160000,Diesel, 2nd Owner,2010,Toyota
661,666,Maruti Suzuki Ertiga,GOLD,Kolkata,425000,53000,Diesel, 2nd Owner,2013,Maruti
662,667,Maruti Suzuki Swift,GOLD,Hyderabad,550000,59888,Petrol, 2nd Owner,2017,Maruti
663,668,Maruti Suzuki Ciaz,GOLD,Hyderabad,795000,58492,Petrol, 1st Owner,2018,Maruti
664,669,Honda City 1.5,GOLD,Kolkata,350888,45000,Petrol, 1st Owner,2011,Honda
665,670,Maruti Suzuki Swift,GOLD,Kolkata,275000,48000,Diesel, 2nd Owner,2012,Maruti
666,671,Tata Nexon XZ,GOLD,Chennai,890000,34000,Petrol, 2nd Owner,2018,Tata
667,672,Maruti Suzuki Swift,PLATINUM,Chennai,580599,75691,Diesel, 2nd Owner,2017,Maruti
668,673,Maruti Suzuki Alto,PLATINUM,Chennai,223299,84301,Petrol, 3rd Owner,2013,Maruti
669,674,Tata Tiago -,PLATINUM,Bangalore,600399,38346,Petrol, 2nd Owner,2019,Tata
670,675,Maruti Suzuki Alto,PLATINUM,Chennai,367399,41530,Petrol, 2nd Owner,2017,Maruti
671,676,Ford Ecosport -,PLATINUM,Pune,704099,23049,Petrol, 2nd Owner,2017,Ford
672,677,Maruti Suzuki Wagon,PLATINUM,Bangalore,377899,74510,Petrol, 1st Owner,2016,Maruti
673,678,Maruti Suzuki Wagon,PLATINUM,Bangalore,458699,20141,Petrol, 2nd Owner,2016,Maruti
674,679,Ford Ecosport -,PLATINUM,Chennai,566199,85860,Petrol, 2nd Owner,2015,Ford
675,680,Maruti Suzuki Swift,PLATINUM,Pune,594599,63133,Diesel, 1st Owner,2017,Maruti
676,681,Maruti Suzuki Dzire,PLATINUM,Bangalore,678699,71894,Petrol, 2nd Owner,2018,Maruti
677,682,Renault Duster -,PLATINUM,Bangalore,883099,95627,Diesel, 2nd Owner,2017,Renault
678,683,Ford Ecosport -,PLATINUM,Pune,578099,75324,Diesel, 2nd Owner,2014,Ford
679,684,Maruti Suzuki Alto,PLATINUM,Pune,305899,64611,Petrol, 2nd Owner,2015,Maruti
680,685,Maruti Suzuki Celerio,PLATINUM,Bangalore,457399,77128,Petrol, 3rd Owner,2016,Maruti
681,686,Maruti Suzuki Alto,PLATINUM,Bangalore,316799,36306,Petrol, 1st Owner,2016,Maruti
682,687,Hyundai i20 Asta,PLATINUM,Bangalore,399999,83803,Petrol, 1st Owner,2011,Hyundai
683,688,Mahindra XUV 500,GOLD,Mumbai,1100000,44000,Diesel, 1st Owner,2018,Mahindra
684,689,Mahindra KUV100 K4,GOLD,Chennai,325000,108000,Diesel, 2nd Owner,2018,Mahindra
685,690,Hyundai i20 Era,GOLD,Chennai,550000,55000,Diesel, 2nd Owner,2018,Hyundai
686,691,Honda City 1.5,GOLD,Kolkata,990888,700,Petrol, 1st Owner,2020,Honda
687,692,Mahindra Jeep CL,GOLD,Ahmedabad,480000,25,Diesel, 2nd Owner,2020,Mahindra
688,693,Maruti Suzuki Gypsy,GOLD,Hyderabad,500000,258,Petrol, 2nd Owner,2018,Maruti
689,694,Maruti Suzuki Swift,GOLD,Chennai,390000,81152,Diesel, 2nd Owner,2011,Maruti
690,695,Toyota Fortuner 3.0,GOLD,Chennai,1750000,155000,Diesel, 2nd Owner,2015,Toyota
691,696,Hyundai i20 Asta,PLATINUM,Bangalore,399999,83803,Petrol, 1st Owner,2011,Hyundai
692,697,Hyundai Creta 1.6,PLATINUM,Chennai,841499,75398,Petrol, 2nd Owner,2017,Hyundai
693,698,Honda City ZX,PLATINUM,Bangalore,1016899,42317,Petrol, 1st Owner,2017,Honda
694,699,Maruti Suzuki Swift,PLATINUM,Bangalore,748599,60214,Diesel, 2nd Owner,2018,Maruti
695,700,Maruti Suzuki Swift,PLATINUM,Pune,622099,58861,Diesel, 2nd Owner,2017,Maruti
696,701,Volkswagen Polo -,PLATINUM,Pune,530699,27995,Petrol, 2nd Owner,2016,Volkswagen
697,702,Maruti Suzuki Celerio,PLATINUM,Bangalore,471899,61018,Petrol, 2nd Owner,2017,Maruti
698,703,Maruti Suzuki Swift,PLATINUM,Chennai,505399,67109,Petrol, 2nd Owner,2015,Maruti
699,704,Maruti Suzuki Wagon,PLATINUM,Chennai,460299,81811,Petrol, 2nd Owner,2017,Maruti
700,705,Hyundai Verna 1.6,PLATINUM,Pune,683999,27357,Petrol, 1st Owner,2017,Hyundai
701,706,Volkswagen Polo HIGHLINE1.2L,PLATINUM,Bangalore,639699,53293,Petrol, 3rd Owner,2018,Volkswagen
702,707,Maruti Suzuki Celerio,PLATINUM,Bangalore,510499,45260,Petrol, 2nd Owner,2017,Maruti
703,708,Hyundai Venue -,PLATINUM,Pune,1185499,3139,Petrol, 2nd Owner,2019,Hyundai
704,709,Maruti Suzuki Celerio,PLATINUM,Bangalore,471899,44690,Petrol, 1st Owner,2017,Maruti
705,710,Hyundai Santro ASTA,PLATINUM,Bangalore,579899,13858,Petrol, 1st Owner,2019,Hyundai
706,711,Maruti Suzuki Alto,PLATINUM,Bangalore,333699,25256,Petrol, 2nd Owner,2017,Maruti
707,712,Hyundai i20 Magna,GOLD,Bangalore,385000,94000,Diesel, 2nd Owner,2012,Hyundai
708,713,Maruti Suzuki Ciaz,GOLD,Delhi,590000,44100,Hybrid, 1st Owner,2016,Maruti
709,714,Honda Amaze 1.2,GOLD,Kolkata,375888,47000,Petrol, 1st Owner,2016,Honda
710,715,Hyundai Santa Fe,GOLD,Mumbai,775000,126000,Diesel, 2nd Owner,2012,Hyundai
711,716,Mahindra XUV 500,GOLD,Kolkata,778888,46000,Diesel, 1st Owner,2015,Mahindra
712,717,Audi Q5 2.0,GOLD,Mumbai,1850000,75000,Diesel, 2nd Owner,2014,Audi
713,718,Mercedes Benz GLE,GOLD,Mumbai,7500000,35000,Petrol, 2nd Owner,2019,Mercedes
714,719,Volvo XC60 D3,GOLD,Mumbai,1750000,86000,Diesel, 2nd Owner,2012,Volvo
715,720,Volkswagen Polo COMFORTLINE,PLATINUM,Bangalore,582899,15227,Petrol, 1st Owner,2017,Volkswagen
716,721,Volkswagen Polo -,PLATINUM,Chennai,414099,87375,Diesel, 1st Owner,2014,Volkswagen
717,722,Maruti Suzuki Eeco,PLATINUM,Chennai,516599,7679,Petrol, 2nd Owner,2020,Maruti
718,723,Maruti Suzuki Alto,PLATINUM,Bangalore,366299,48378,Petrol, 1st Owner,2016,Maruti
719,724,Maruti Suzuki Wagon,PLATINUM,Chennai,375899,54645,Petrol, 1st Owner,2014,Maruti
720,725,Maruti Suzuki Eeco,PLATINUM,Chennai,493899,7211,Petrol, 1st Owner,2019,Maruti
721,726,Datsun Redi GO,PLATINUM,Bangalore,311399,37217,Petrol, 2nd Owner,2017,Datsun
722,727,Maruti Suzuki Eeco,PLATINUM,Chennai,493899,32372,Petrol, 1st Owner,2019,Maruti
723,728,Maruti Suzuki Wagon,PLATINUM,Chennai,501999,37947,Petrol, 2nd Owner,2018,Maruti
724,729,Hyundai Grand i10,PLATINUM,Pune,409399,51886,Petrol, 2nd Owner,2014,Hyundai
725,730,Toyota Innova Crysta,PLATINUM,Pune,1737899,43187,Diesel, 2nd Owner,2018,Toyota
726,731,Hyundai i20 Active,PLATINUM,Pune,583999,33616,Diesel, 1st Owner,2015,Hyundai
727,732,Volkswagen Vento -,PLATINUM,Chennai,654299,91087,Diesel, 1st Owner,2015,Volkswagen
728,733,Ford Ecosport -,PLATINUM,Bangalore,986699,26372,Petrol, 2nd Owner,2018,Ford
729,734,Maruti Suzuki Celerio,PLATINUM,Bangalore,414199,58762,Petrol, 1st Owner,2014,Maruti
730,735,Hyundai Elite i20,PLATINUM,Chennai,588099,101920,Diesel, 2nd Owner,2016,Hyundai
731,736,Maruti Suzuki Swift,GOLD,Jaipur,490000,44000,Petrol, 2nd Owner,2014,Maruti
732,737,Mahindra Scorpio 2.6,GOLD,Jaipur,225000,85000,Diesel, 2nd Owner,2007,Mahindra
733,738,Maruti Suzuki Vitara,GOLD,Jaipur,775000,64000,Diesel, 2nd Owner,2017,Maruti
734,739,Kia Sonet -,GOLD,Jaipur,1050000,13000,Diesel, 2nd Owner,2021,Kia
735,740,Honda Amaze 1.5,GOLD,Jaipur,425000,76000,Diesel, 2nd Owner,2015,Honda
736,741,Maruti Suzuki Alto,GOLD,Jaipur,275000,45000,Petrol, 2nd Owner,2015,Maruti
737,742,Tata Nexon XZ,GOLD,Jaipur,875000,63088,Diesel, 2nd Owner,2019,Tata
738,743,Maruti Suzuki Alto,GOLD,Chennai,250000,54123,Petrol, 2nd Owner,2013,Maruti
739,744,Hyundai i20 Active,PLATINUM,Pune,567399,35140,Petrol, 2nd Owner,2015,Hyundai
740,745,Maruti Suzuki Ciaz,PLATINUM,Pune,805099,50842,Diesel, 2nd Owner,2018,Maruti
741,746,Honda Amaze -,PLATINUM,Pune,492199,43412,Petrol, 1st Owner,2015,Honda
742,747,Honda Jazz -,PLATINUM,Pune,495799,46201,Petrol, 1st Owner,2016,Honda
743,748,Maruti Suzuki S,PLATINUM,Bangalore,1113599,63626,Diesel, 2nd Owner,2017,Maruti
744,749,Maruti Suzuki Alto,PLATINUM,Chennai,299999,18251,Petrol, 1st Owner,2016,Maruti
745,750,Maruti Suzuki Baleno,PLATINUM,Chennai,592099,41019,Petrol, 2nd Owner,2016,Maruti
746,751,Renault Kwid RXT,PLATINUM,Chennai,322299,46463,Petrol, 1st Owner,2015,Renault
747,752,Renault Kwid -,PLATINUM,Bangalore,481999,20110,Petrol, 2nd Owner,2017,Renault
748,753,Hyundai Grand i10,PLATINUM,Pune,534599,17364,Petrol, 2nd Owner,2016,Hyundai
749,754,MG Motors Hector,PLATINUM,Bangalore,1681899,6760,Petrol, 2nd Owner,2020,MG
750,755,Maruti Suzuki Celerio,PLATINUM,Bangalore,429599,35109,Petrol, 2nd Owner,2016,Maruti
751,756,Honda Amaze -,PLATINUM,Chennai,723799,44266,Petrol, 2nd Owner,2018,Honda
752,757,Volkswagen Polo -,PLATINUM,Chennai,563299,39156,Petrol, 2nd Owner,2017,Volkswagen
753,758,Maruti Suzuki Alto,PLATINUM,Pune,214199,57993,Petrol, 3rd Owner,2011,Maruti
754,759,Maruti Suzuki Alto,PLATINUM,Bangalore,319399,51573,Petrol, 2nd Owner,2015,Maruti
755,760,Fiat Punto Emotion,GOLD,Pune,180000,88000,Petrol, 2nd Owner,2011,Fiat
756,761,Hyundai i20 Sportz,GOLD,Pune,415000,67000,Petrol, 2nd Owner,2014,Hyundai
757,762,Maruti Suzuki Swift,GOLD,Pune,350000,73000,Diesel, 2nd Owner,2011,Maruti
758,763,Hyundai Elite i20,GOLD,Kolkata,430000,39000,Petrol, 2nd Owner,2015,Hyundai
759,764,Mahindra XUV 500,GOLD,Thane,450000,87500,Diesel, 2nd Owner,2012,Mahindra
760,765,Honda Accord 2.4,GOLD,Bhubaneswar,325000,86000,Petrol, 2nd Owner,2006,Honda
761,766,Hyundai Grand i10,GOLD,Bangalore,565000,19900,Petrol, 2nd Owner,2017,Hyundai
762,767,Nissan Terrano XV,GOLD,Madurai,880000,22000,Diesel, 2nd Owner,2013,Nissan
763,768,Maruti Suzuki Vitara,PLATINUM,Bangalore,810399,78329,Diesel, 2nd Owner,2016,Maruti
764,769,Maruti Suzuki Ertiga,PLATINUM,Chennai,788999,61977,Diesel, 1st Owner,2016,Maruti
765,770,Mahindra KUV100 K6,PLATINUM,Bangalore,508799,58640,Diesel, 1st Owner,2016,Mahindra
766,771,Renault Kwid -,PLATINUM,Bangalore,457099,40650,Petrol, 1st Owner,2018,Renault
767,772,Volkswagen Polo -,PLATINUM,Bangalore,612899,19121,Petrol, 2nd Owner,2019,Volkswagen
768,773,Ford Ecosport -,PLATINUM,Chennai,684099,85893,Diesel, 2nd Owner,2016,Ford
769,774,Renault Triber -,PLATINUM,Chennai,716699,9874,Petrol, 2nd Owner,2019,Renault
770,775,Hyundai Grand i10,PLATINUM,Bangalore,501599,25202,Petrol, 1st Owner,2016,Hyundai
771,776,Hyundai Grand i10,PLATINUM,Chennai,509699,95999,Petrol, 2nd Owner,2016,Hyundai
772,777,Maruti Suzuki Alto,PLATINUM,Bangalore,337799,49074,Petrol, 2nd Owner,2014,Maruti
773,778,Hyundai Verna 1.6,PLATINUM,Pune,852399,52439,Petrol, 2nd Owner,2017,Hyundai
774,779,Mahindra XUV 500,PLATINUM,Bangalore,1784699,10813,Diesel, 1st Owner,2020,Mahindra
775,780,Hyundai Creta -,PLATINUM,Chennai,778199,127971,Petrol, 2nd Owner,2016,Hyundai
776,781,Maruti Suzuki Swift,PLATINUM,Chennai,705099,114108,Diesel, 2nd Owner,2018,Maruti
777,782,Hyundai Grand i10,PLATINUM,Chennai,557599,52030,Diesel, 2nd Owner,2017,Hyundai
778,783,Mahindra XUV 500,PLATINUM,Pune,1518099,44721,Diesel, 2nd Owner,2018,Mahindra
779,784,Mahindra Marazzo M6,GOLD,Madurai,1190000,50000,Diesel, 2nd Owner,2018,Mahindra
780,785,Skoda Laura Ambition,GOLD,Madurai,590000,95000,Diesel, 2nd Owner,2011,Skoda
781,786,Tata Harrier XZ,GOLD,Madurai,1980000,17000,Diesel, 2nd Owner,2020,Tata
782,787,Mahindra XUV 500,GOLD,Chennai,1350000,52500,Diesel, 2nd Owner,2018,Mahindra
783,788,BMW 5 Series,GOLD,NaviMumbai,1059000,49000,Petrol, 3rd Owner,2010,BMW
784,789,Maruti Suzuki Alto,GOLD,Kolkata,185000,55000,Petrol, 1st Owner,2011,Maruti
785,790,Mahindra Scorpio 2.6,GOLD,Chennai,710000,81500,Diesel, 2nd Owner,2014,Mahindra
786,791,Mercedes Benz E,GOLD,Kolkata,1948888,10000,Diesel, 1st Owner,2013,Mercedes
787,792,Tata Harrier -,PLATINUM,Bangalore,2272499,22667,Diesel, 2nd Owner,2020,Tata
788,793,Honda City -,PLATINUM,Bangalore,626199,68519,Petrol, 1st Owner,2014,Honda
789,794,Tata Nano -,PLATINUM,Bangalore,236099,64011,Petrol, 1st Owner,2015,Tata
790,795,Maruti Suzuki Alto,PLATINUM,Bangalore,430499,13598,Petrol, 1st Owner,2021,Maruti
791,796,Maruti Suzuki Wagon,PLATINUM,Bangalore,442799,47037,Petrol, 2nd Owner,2014,Maruti
792,797,Hyundai Creta -,PLATINUM,Pune,1373699,69711,Petrol, 2nd Owner,2018,Hyundai
793,798,Hyundai Elite i20,PLATINUM,Pune,589299,49189,Petrol, 2nd Owner,2015,Hyundai
794,799,Maruti Suzuki Alto,PLATINUM,Chennai,298199,18368,Petrol, 1st Owner,2016,Maruti
795,800,Tata Harrier -,PLATINUM,Pune,1508799,16874,Diesel, 2nd Owner,2020,Tata
796,801,Maruti Suzuki Eeco,PLATINUM,Bangalore,473699,24484,Petrol, 2nd Owner,2019,Maruti
797,802,Maruti Suzuki Baleno,PLATINUM,Chennai,656299,20688,Petrol, 2nd Owner,2019,Maruti
798,803,Maruti Suzuki Alto,PLATINUM,Chennai,345799,24065,Petrol, 2nd Owner,2016,Maruti
799,804,Hyundai Grand i10,PLATINUM,Chennai,584599,22609,Petrol, 2nd Owner,2018,Hyundai
800,805,Skoda Rapid -,PLATINUM,Pune,786799,56523,Diesel, 2nd Owner,2017,Skoda
801,806,Hyundai Elite i20,PLATINUM,Chennai,624799,48031,Petrol, 2nd Owner,2018,Hyundai
802,807,Hyundai Grand i10,PLATINUM,Chennai,472399,45578,Petrol, 1st Owner,2016,Hyundai
803,808,Hyundai Fluidic Verna,GOLD,Kolkata,408888,70070,Diesel, 1st Owner,2012,Hyundai
804,809,Hyundai i10 Magna,GOLD,Kolkata,288888,28000,Petrol, 1st Owner,2015,Hyundai
805,810,Chevrolet Sail 1.2,GOLD,Kolkata,198888,30030,Diesel, 1st Owner,2013,Chevrolet
806,811,Ford Endeavor 4X4,GOLD,Kolkata,898888,25000,Diesel, 1st Owner,2011,Ford
807,812,BMW 3 Series,GOLD,Kolkata,1148888,8000,Diesel, 1st Owner,2013,BMW
808,813,Chevrolet Spark -,GOLD,Chennai,79000,53000,Petrol, 2nd Owner,2010,Chevrolet
809,814,Honda City -,GOLD,Chennai,97000,68000,Petrol, 2nd Owner,2007,Honda
810,815,Hyundai Santro GLS,GOLD,Pune,135000,58000,Petrol, 2nd Owner,2007,Hyundai
811,816,Hyundai Elite i20,PLATINUM,Bangalore,687199,28648,Petrol, 1st Owner,2016,Hyundai
812,817,Hyundai i10 Magna,PLATINUM,Bangalore,387099,59819,Petrol, 2nd Owner,2015,Hyundai
813,818,Maruti Suzuki Baleno,PLATINUM,Chennai,650599,19574,Petrol, 2nd Owner,2018,Maruti
814,819,Tata Hexa -,PLATINUM,Chennai,1705799,46337,Diesel, 2nd Owner,2019,Tata
815,820,Volkswagen Polo -,PLATINUM,Bangalore,526899,73563,Petrol, 1st Owner,2015,Volkswagen
816,821,Honda Jazz -,PLATINUM,Chennai,612799,51428,Petrol, 2nd Owner,2016,Honda
817,822,Maruti Suzuki Alto,PLATINUM,Chennai,269099,95754,Petrol, 2nd Owner,2016,Maruti
818,823,Tata Hexa -,PLATINUM,Chennai,1952199,34533,Diesel, 2nd Owner,2019,Tata
819,824,Maruti Suzuki Baleno,PLATINUM,Chennai,646299,50154,Petrol, 2nd Owner,2016,Maruti
820,825,Maruti Suzuki Celerio,PLATINUM,Bangalore,425899,23492,Petrol, 2nd Owner,2016,Maruti
821,826,Maruti Suzuki Celerio,PLATINUM,Bangalore,496399,37739,Petrol, 2nd Owner,2017,Maruti
822,827,Maruti Suzuki Celerio,PLATINUM,Bangalore,393799,46178,Petrol, 3rd Owner,2015,Maruti
823,828,Maruti Suzuki Baleno,PLATINUM,Chennai,619599,42893,Petrol, 1st Owner,2017,Maruti
824,829,Maruti Suzuki Alto,PLATINUM,Pune,423599,57875,Petrol+CNG, 2nd Owner,2019,Maruti
825,830,Hyundai Venue -,PLATINUM,Pune,831999,4832,Petrol, 2nd Owner,2020,Hyundai
826,831,Renault Triber -,PLATINUM,Chennai,695099,27805,Petrol, 2nd Owner,2019,Renault
827,832,Hyundai Xcent S,GOLD,Ahmedabad,390000,71000,Diesel, 1st Owner,2014,Hyundai
828,833,Toyota Fortuner 3.0,GOLD,Chennai,1350000,140000,Diesel, 2nd Owner,2013,Toyota
829,834,Toyota Innova 2.5,GOLD,Chennai,1350000,70000,Diesel, 2nd Owner,2014,Toyota
830,835,Honda City ZX,GOLD,Chennai,250000,75000,Petrol, 2nd Owner,2008,Honda
831,836,Maruti Suzuki Alto,GOLD,Pune,145000,57000,Petrol, 2nd Owner,2009,Maruti
832,837,Maruti Suzuki Vitara,GOLD,Pune,980000,57000,Diesel, 2nd Owner,2018,Maruti
833,838,Hyundai Creta 1.4,GOLD,Pune,980000,91000,Diesel, 2nd Owner,2018,Hyundai
834,839,Hyundai i10 Sportz,GOLD,Nagpur,195000,86000,Petrol, 2nd Owner,2009,Hyundai
835,840,Maruti Suzuki Alto,PLATINUM,Chennai,261499,68844,Petrol, 2nd Owner,2013,Maruti
836,841,Honda Jazz -,PLATINUM,Chennai,649699,37070,Petrol, 1st Owner,2017,Honda
837,842,Hyundai Grand i10,PLATINUM,Pune,494099,20393,Petrol, 2nd Owner,2017,Hyundai
838,843,Maruti Suzuki Alto,PLATINUM,Pune,313399,22244,Petrol, 2nd Owner,2017,Maruti
839,844,Toyota Fortuner -,PLATINUM,Chennai,2122099,47024,Diesel, 1st Owner,2016,Toyota
840,845,Hyundai Elite i20,PLATINUM,Chennai,552799,64707,Petrol, 2nd Owner,2015,Hyundai
841,846,Ford Ecosport -,PLATINUM,Pune,490099,52149,Petrol, 2nd Owner,2013,Ford
842,847,Hyundai Grand i10,PLATINUM,Pune,638599,11203,Petrol, 2nd Owner,2017,Hyundai
843,848,Maruti Suzuki Alto,PLATINUM,Pune,374799,18071,Petrol, 2nd Owner,2015,Maruti
844,849,Hyundai Elite i20,PLATINUM,Chennai,517499,81412,Petrol, 2nd Owner,2016,Hyundai
845,850,Maruti Suzuki Swift,PLATINUM,Chennai,553899,41912,Petrol, 2nd Owner,2016,Maruti
846,851,Maruti Suzuki Swift,PLATINUM,Chennai,579199,32516,Petrol, 2nd Owner,2016,Maruti
847,852,Hyundai Grand i10,PLATINUM,Bangalore,531999,41552,Petrol, 2nd Owner,2015,Hyundai
848,853,Hyundai Grand i10,PLATINUM,Chennai,496199,21790,Petrol, 1st Owner,2018,Hyundai
849,854,Maruti Suzuki Baleno,PLATINUM,Chennai,659099,34010,Petrol, 2nd Owner,2019,Maruti
850,855,Hyundai Elite i20,PLATINUM,Chennai,534799,50050,Petrol, 2nd Owner,2016,Hyundai
851,856,Maruti Suzuki Ertiga,GOLD,Chennai,950000,2000,Petrol, 2nd Owner,2019,Maruti
852,857,Maruti Suzuki Swift,GOLD,Nagpur,265000,71000,Petrol, 2nd Owner,2010,Maruti
853,858,Hyundai i20 Asta,GOLD,Chennai,650000,52000,Diesel, 2nd Owner,2015,Hyundai
854,859,Maruti Suzuki Swift,GOLD,Chennai,650000,35000,Petrol, 2nd Owner,2018,Maruti
855,860,Renault Kwid RXT,GOLD,Chennai,290000,41000,Petrol, 2nd Owner,2016,Renault
856,861,Tata Indigo LX,GOLD,Bangalore,74999,125000,Diesel, 2nd Owner,2003,Tata
857,862,Maruti Suzuki Alto,GOLD,Bangalore,155000,85000,Petrol, 2nd Owner,2006,Maruti
858,863,Chevrolet Optra -,GOLD,Chennai,69000,85000,Petrol, 2nd Owner,2005,Chevrolet
859,864,Hyundai Grand i10,PLATINUM,Chennai,496199,21790,Petrol, 1st Owner,2018,Hyundai
860,865,Maruti Suzuki Wagon,PLATINUM,Chennai,298599,75822,Petrol, 1st Owner,2011,Maruti
861,866,Tata Tiago -,PLATINUM,Bangalore,490199,28589,Petrol, 1st Owner,2016,Tata
862,867,Renault Kwid -,PLATINUM,Bangalore,422999,15883,Petrol, 2nd Owner,2017,Renault
863,868,Hyundai Elite i20,PLATINUM,Chennai,656399,63648,Petrol, 1st Owner,2016,Hyundai
864,869,Maruti Suzuki Vitara,PLATINUM,Pune,688599,156931,Diesel, 2nd Owner,2016,Maruti
865,870,Maruti Suzuki XL6,PLATINUM,Pune,1113299,13829,Petrol, 2nd Owner,2019,Maruti
866,871,Maruti Suzuki Baleno,PLATINUM,Pune,608399,28361,Petrol, 1st Owner,2016,Maruti
867,872,Hyundai Grand i10,PLATINUM,Chennai,587399,77960,Petrol, 1st Owner,2017,Hyundai
868,873,Maruti Suzuki Celerio,PLATINUM,Bangalore,449699,33473,Petrol, 2nd Owner,2015,Maruti
869,874,Maruti Suzuki Eeco,PLATINUM,Chennai,464899,29052,Petrol, 2nd Owner,2019,Maruti
870,875,Maruti Suzuki Alto,PLATINUM,Chennai,302699,68041,Petrol, 2nd Owner,2017,Maruti
871,876,Maruti Suzuki Baleno,PLATINUM,Bangalore,583299,61361,Petrol, 2nd Owner,2015,Maruti
872,877,Honda BRV -,PLATINUM,Bangalore,877999,32218,Petrol, 2nd Owner,2018,Honda
873,878,Hyundai i10 Magna,PLATINUM,Chennai,398499,28579,Petrol, 1st Owner,2016,Hyundai
874,879,Hyundai Grand i10,PLATINUM,Chennai,529399,51343,Petrol, 2nd Owner,2017,Hyundai
875,880,Chevrolet Optra -,GOLD,Chennai,69000,85000,Petrol, 2nd Owner,2005,Chevrolet
876,881,Honda City 1.5,GOLD,Hyderabad,700000,86868,Petrol, 2nd Owner,2016,Honda
877,882,Hyundai Accent -,GOLD,Chennai,79000,85000,Petrol, 2nd Owner,2002,Hyundai
878,883,Maruti Suzuki Swift,GOLD,Chennai,390000,77000,Petrol, 2nd Owner,2012,Maruti
879,884,Honda City V,GOLD,Chennai,950000,35500,Petrol, 1st Owner,2017,Honda
880,885,Toyota Glanza G,GOLD,Chennai,725000,19942,Petrol, 2nd Owner,2019,Toyota
881,886,Hyundai i20 Sportz,GOLD,Bangalore,439000,16000,Petrol, 1st Owner,2012,Hyundai
883,888,Renault Kwid RxL,PLATINUM,Bangalore,422299,17357,Petrol, 2nd Owner,2019,Renault
884,889,Ford Figo Aspire,PLATINUM,Bangalore,589999,14517,Petrol, 2nd Owner,2017,Ford
885,890,Maruti Suzuki Baleno,PLATINUM,Chennai,661299,13517,Petrol, 1st Owner,2017,Maruti
886,891,Maruti Suzuki Wagon,PLATINUM,Chennai,429099,42302,Petrol, 1st Owner,2017,Maruti
887,892,Maruti Suzuki Celerio,PLATINUM,Chennai,389399,65783,Petrol, 2nd Owner,2015,Maruti
888,893,Renault Lodgy -,PLATINUM,Chennai,629799,138716,Diesel, 2nd Owner,2015,Renault
889,894,Hyundai i10 Sportz,PLATINUM,Bangalore,397299,43339,Petrol, 1st Owner,2013,Hyundai
890,895,Maruti Suzuki Ignis,PLATINUM,Pune,546399,19526,Petrol, 2nd Owner,2018,Maruti
891,896,Maruti Suzuki Alto,PLATINUM,Bangalore,412999,25673,Petrol, 1st Owner,2016,Maruti
892,897,Maruti Suzuki Celerio,PLATINUM,Chennai,402799,93304,Petrol, 2nd Owner,2016,Maruti
893,898,Hyundai Creta -,PLATINUM,Chennai,915699,94409,Diesel, 2nd Owner,2019,Hyundai
894,899,Maruti Suzuki Celerio,PLATINUM,Chennai,361499,66799,Petrol, 2nd Owner,2014,Maruti
895,900,Hyundai EON -,PLATINUM,Chennai,357899,27339,Petrol, 2nd Owner,2016,Hyundai
896,901,Renault Kwid -,PLATINUM,Pune,475399,9095,Petrol, 2nd Owner,2018,Renault
897,902,Maruti Suzuki Eeco,PLATINUM,Bangalore,485299,21934,Petrol, 1st Owner,2019,Maruti
898,903,Maruti Suzuki Baleno,PLATINUM,Bangalore,643599,51706,Petrol, 2nd Owner,2016,Maruti
899,904,Honda City ZX,GOLD,Dwarka,1069999,54000,CNG, 1st Owner,2018,Honda
900,905,Honda City ZX,GOLD,GirSomnath,1069999,54000,CNG, 1st Owner,2018,Honda
901,906,Honda City ZX,GOLD,Anand,1069999,54000,CNG, 1st Owner,2018,Honda
902,907,Hyundai i20 Asta,GOLD,Chennai,255000,90000,Petrol, 2nd Owner,2009,Hyundai
903,908,Tata Hexa -,GOLD,Muzaffarnagar,1500000,85000,Diesel, 2nd Owner,2019,Tata
904,909,Mahindra XUV 500,GOLD,Jaipur,650000,89000,Diesel, 2nd Owner,2014,Mahindra
905,910,Hyundai Santro Xing,GOLD,Jaipur,175000,45000,Petrol, 2nd Owner,2010,Hyundai
906,911,Honda WRV VX,GOLD,Kolkata,735000,34000,Petrol, 1st Owner,2018,Honda
907,912,Maruti Suzuki Wagon,PLATINUM,Pune,438199,31281,Petrol, 1st Owner,2018,Maruti
908,913,Honda City -,PLATINUM,Bangalore,924599,46312,Petrol, 2nd Owner,2019,Honda
909,914,Hyundai Elite i20,PLATINUM,Chennai,664099,32989,Petrol, 1st Owner,2018,Hyundai
910,915,Renault Kwid -,PLATINUM,Bangalore,462299,50599,Petrol, 2nd Owner,2018,Renault
911,916,Honda Brio -,PLATINUM,Bangalore,438499,26127,Petrol, 2nd Owner,2016,Honda
912,917,Maruti Suzuki Vitara,PLATINUM,Bangalore,680999,58118,Diesel, 2nd Owner,2016,Maruti
913,918,Maruti Suzuki Alto,PLATINUM,Chennai,393199,23534,Petrol, 2nd Owner,2019,Maruti
914,919,Maruti Suzuki Baleno,PLATINUM,Chennai,646799,58978,Petrol, 2nd Owner,2018,Maruti
915,920,Maruti Suzuki Wagon,PLATINUM,Pune,349999,33103,Petrol, 1st Owner,2014,Maruti
916,921,Maruti Suzuki Eeco,PLATINUM,Bangalore,419599,14600,Petrol, 2nd Owner,2018,Maruti
917,922,Maruti Suzuki Baleno,PLATINUM,Pune,585099,26049,Petrol, 2nd Owner,2016,Maruti
918,923,Ford Freestyle -,PLATINUM,Bangalore,627799,33895,Diesel, 1st Owner,2018,Ford
919,924,Volkswagen Polo -,PLATINUM,Bangalore,520799,32893,Petrol, 2nd Owner,2017,Volkswagen
920,925,Maruti Suzuki Swift,PLATINUM,Chennai,410199,61717,Petrol, 3rd Owner,2013,Maruti
921,926,Maruti Suzuki Wagon,PLATINUM,Chennai,404399,82334,Petrol, 2nd Owner,2017,Maruti
922,927,Hyundai Verna -,PLATINUM,Chennai,682799,87381,Petrol, 2nd Owner,2017,Hyundai
923,928,Land Rover Range,GOLD,Chennai,4490000,51000,Diesel, 2nd Owner,2017,Land
924,929,Honda City ZX,GOLD,Delhi,150000,85000,Petrol, 2nd Owner,2008,Honda
925,930,Porsche Cayenne Select,GOLD,Mumbai,3300000,38000,Electric, 1st Owner,2011,Porsche
926,931,Toyota Innova 2.5,GOLD,Bangalore,1175000,210000,Diesel, 1st Owner,2013,Toyota
927,932,Maruti Suzuki Ciaz,GOLD,Bangalore,975000,24200,Petrol, 2nd Owner,2019,Maruti
928,933,MG Motors Hector,GOLD,Trichy,2000000,28000,Diesel, 2nd Owner,2021,MG
929,935,Mahindra Bolero ZLX,GOLD,Trichy,535000,135000,Diesel, 2nd Owner,2012,Mahindra
930,936,Ford Ecosport -,PLATINUM,Pune,1045799,34642,Petrol, 2nd Owner,2019,Ford
931,937,Maruti Suzuki Swift,PLATINUM,Chennai,410199,154104,Petrol, 2nd Owner,2013,Maruti
932,938,Maruti Suzuki Alto,PLATINUM,Chennai,297299,61826,Petrol, 2nd Owner,2016,Maruti
933,939,Tata Nexon -,PLATINUM,Pune,980199,44751,Diesel, 2nd Owner,2018,Tata
934,940,Honda Jazz -,PLATINUM,Chennai,794299,5183,Petrol, 2nd Owner,2019,Honda
935,941,Maruti Suzuki Swift,PLATINUM,Pune,411899,136082,Diesel, 2nd Owner,2012,Maruti
936,942,Maruti Suzuki Celerio,PLATINUM,Chennai,557399,5817,Petrol, 1st Owner,2019,Maruti
937,943,Hyundai Creta -,PLATINUM,Pune,896099,99138,Diesel, 2nd Owner,2015,Hyundai
938,944,Honda Jazz -,PLATINUM,Pune,637699,27936,Petrol, 2nd Owner,2016,Honda
939,945,Maruti Suzuki Alto,PLATINUM,Chennai,254499,39845,Petrol, 3rd Owner,2014,Maruti
940,946,Maruti Suzuki Eeco,PLATINUM,Chennai,457699,15615,Petrol, 2nd Owner,2019,Maruti
941,947,Honda Brio -,PLATINUM,Chennai,361599,53158,Petrol, 2nd Owner,2012,Honda
942,948,Maruti Suzuki Baleno,PLATINUM,Pune,675799,16002,Petrol, 2nd Owner,2019,Maruti
943,949,Maruti Suzuki Wagon,PLATINUM,Pune,389499,31133,Petrol, 1st Owner,2015,Maruti
944,950,Maruti Suzuki Baleno,PLATINUM,Bangalore,625599,20172,Petrol, 2nd Owner,2016,Maruti
945,951,Volkswagen Polo -,PLATINUM,Bangalore,686999,69653,Petrol, 1st Owner,2013,Volkswagen
946,952,Maruti Suzuki Celerio,GOLD,Trichy,425000,75000,Petrol, 2nd Owner,2015,Maruti
947,953,Renault Pulse RxL,GOLD,Trichy,350000,132000,Diesel, 2nd Owner,2012,Renault
948,954,Skoda Rapid 1.5,GOLD,Trichy,560000,84000,Diesel, 2nd Owner,2014,Skoda
949,955,Maruti Suzuki SX4,GOLD,Trichy,250000,147000,Petrol, 2nd Owner,2007,Maruti
950,956,Hyundai Santro GLS,GOLD,Uttarpara,90000,61000,Petrol, 2nd Owner,2008,Hyundai
951,957,Hyundai i10 Era,GOLD,Delhi,200000,56000,Petrol, 2nd Owner,2012,Hyundai
952,958,Mahindra KUV100 K4,GOLD,Chennai,325000,108000,Diesel, 2nd Owner,2018,Mahindra
953,959,Hyundai i20 Era,GOLD,Chennai,620000,55000,Diesel, 2nd Owner,2018,Hyundai
954,960,Volkswagen Ameo Comfortline,PLATINUM,Chennai,519699,26023,Petrol, 1st Owner,2017,Volkswagen
955,961,Maruti Suzuki Alto,PLATINUM,Chennai,324599,19805,Petrol, 2nd Owner,2018,Maruti
956,962,Maruti Suzuki Alto,PLATINUM,Chennai,340199,41365,Petrol, 2nd Owner,2017,Maruti
957,963,Ford Ecosport -,PLATINUM,Chennai,693999,90001,Diesel, 1st Owner,2017,Ford
958,964,Hyundai EON Era,PLATINUM,Chennai,310999,45285,Petrol, 2nd Owner,2016,Hyundai
959,965,Maruti Suzuki Ciaz,PLATINUM,Bangalore,722199,42441,Petrol, 2nd Owner,2016,Maruti
960,966,Maruti Suzuki Celerio,PLATINUM,Bangalore,485099,24342,Petrol, 3rd Owner,2016,Maruti
961,967,Maruti Suzuki Dzire,PLATINUM,Chennai,614999,14308,Petrol, 2nd Owner,2017,Maruti
962,968,Maruti Suzuki Vitara,PLATINUM,Pune,1061399,32456,Diesel, 2nd Owner,2018,Maruti
963,969,Maruti Suzuki S,PLATINUM,Pune,879699,58448,Diesel, 1st Owner,2018,Maruti
964,970,Maruti Suzuki Ertiga,PLATINUM,Chennai,755199,86576,Diesel, 2nd Owner,2016,Maruti
965,971,Ford Ecosport -,PLATINUM,Bangalore,816399,50421,Petrol, 2nd Owner,2018,Ford
966,972,Maruti Suzuki Eeco,PLATINUM,Chennai,414299,26035,Petrol, 2nd Owner,2017,Maruti
967,973,Tata Tiago -,PLATINUM,Chennai,476299,23499,Petrol, 2nd Owner,2018,Tata
968,974,Maruti Suzuki Baleno,PLATINUM,Chennai,572599,25636,Petrol, 2nd Owner,2016,Maruti
969,975,Kia Seltos -,PLATINUM,Bangalore,1644799,15023,Petrol, 2nd Owner,2019,Kia
970,976,Mahindra Jeep CL550,GOLD,Kochi,440000,250,Diesel, 2nd Owner,2020,Mahindra
971,977,Volkswagen Vento Highline,GOLD,Pune,575000,66000,Petrol, 2nd Owner,2015,Volkswagen
972,978,Toyota Innova 2.5,GOLD,Bangalore,880000,85000,Diesel, 2nd Owner,2015,Toyota
973,979,Kia Carnival -,GOLD,Chennai,1500000,50000,Diesel, 1st Owner,2020,Kia
974,980,Hyundai Creta -,GOLD,Chennai,1000000,12000,Petrol, 1st Owner,2021,Hyundai
975,981,Chevrolet Beat -,GOLD,Chennai,86000,56000,Petrol, 2nd Owner,2011,Chevrolet
976,982,Maruti Suzuki Wagon,GOLD,Chennai,89000,53000,Petrol, 2nd Owner,2010,Maruti
977,983,Tata Nano CNG,GOLD,Mumbai,90000,28000,Petrol, 2nd Owner,2014,Tata
978,984,Maruti Suzuki Alto,PLATINUM,Bangalore,352199,22584,Petrol, 1st Owner,2015,Maruti
979,985,Maruti Suzuki Baleno,PLATINUM,Bangalore,566899,22394,Petrol, 2nd Owner,2017,Maruti
980,986,Maruti Suzuki Dzire,PLATINUM,Chennai,650699,93563,Diesel, 2nd Owner,2017,Maruti
981,987,Maruti Suzuki Eeco,PLATINUM,Chennai,413399,10537,Petrol, 2nd Owner,2017,Maruti
982,988,Ford Ecosport -,PLATINUM,Chennai,645799,81515,Diesel, 1st Owner,2016,Ford
983,989,Jeep Compass -,PLATINUM,Chennai,1551499,24676,Diesel, 2nd Owner,2017,Jeep
984,990,Maruti Suzuki Alto,PLATINUM,Pune,333699,11917,Petrol, 2nd Owner,2017,Maruti
985,991,Maruti Suzuki Ertiga,PLATINUM,Pune,811799,69654,Diesel, 2nd Owner,2016,Maruti
986,992,Maruti Suzuki Alto,PLATINUM,Pune,406899,16226,Petrol, 2nd Owner,2017,Maruti
987,993,Ford Ecosport -,PLATINUM,Pune,727299,8925,Petrol, 2nd Owner,2018,Ford
988,994,Honda Jazz -,PLATINUM,Bangalore,657399,27819,Petrol, 2nd Owner,2016,Honda
989,995,Hyundai Grand i10,PLATINUM,Bangalore,637599,26543,Petrol, 2nd Owner,2020,Hyundai
990,996,Maruti Suzuki Dzire,PLATINUM,Bangalore,623799,90088,Petrol, 2nd Owner,2017,Maruti
991,997,Maruti Suzuki Eeco,PLATINUM,Chennai,422899,34258,Petrol, 2nd Owner,2018,Maruti
992,998,Hyundai i20 Active,PLATINUM,Chennai,576099,101744,Petrol, 2nd Owner,2015,Hyundai
993,999,Jeep Compass -,PLATINUM,Pune,1987699,19830,Petrol, 2nd Owner,2019,Jeep
994,1000,Ford Ikon -,GOLD,Chennai,39000,73000,Petrol, 2nd Owner,2007,Ford
995,1001,Hyundai Grand i10,GOLD,Dhanbad,475000,38000,Diesel, 2nd Owner,2019,Hyundai
996,1002,Mahindra XUV 500,GOLD,NaviMumbai,450000,87500,Diesel, 2nd Owner,2012,Mahindra
997,1003,Maruti Suzuki Ertiga,GOLD,Nagpur,650000,91000,Diesel, 2nd Owner,2014,Maruti
998,1004,Maruti Suzuki Ritz,GOLD,Nagpur,326000,76000,Diesel, 2nd Owner,2012,Maruti
999,1005,Tata Indica Vista,GOLD,Nagpur,170000,80000,Diesel, 2nd Owner,2011,Tata
1000,1006,Maruti Suzuki Eeco,GOLD,Delhi,250000,70000,CNG, 2nd Owner,2013,Maruti
1001,1007,Maruti Suzuki Alto,GOLD,Bangalore,88000,85000,Petrol, 2nd Owner,2007,Maruti
1002,1008,MG Motors Hector,PLATINUM,Pune,1652199,13636,Petrol, 1st Owner,2019,MG
1003,1009,Hyundai Venue -,PLATINUM,Bangalore,1217499,21393,Petrol, 2nd Owner,2019,Hyundai
1004,1010,Hyundai Creta -,PLATINUM,Pune,1198299,76915,Diesel, 2nd Owner,2017,Hyundai
1005,1011,Hyundai Grand i10,PLATINUM,Chennai,590799,16300,Petrol, 2nd Owner,2018,Hyundai
1006,1012,Hyundai Elite i20,PLATINUM,Pune,844999,40106,Diesel, 2nd Owner,2019,Hyundai
1007,1013,Renault Kwid RXT,PLATINUM,Bangalore,328499,66461,Petrol, 1st Owner,2015,Renault
1008,1014,Hyundai Creta -,PLATINUM,Pune,769599,48182,Petrol, 2nd Owner,2016,Hyundai
1009,1015,Hyundai Elite i20,PLATINUM,Bangalore,654299,41816,Petrol, 1st Owner,2017,Hyundai
1010,1016,Hyundai i20 -,PLATINUM,Chennai,395699,73841,Petrol, 2nd Owner,2012,Hyundai
1011,1017,Renault Kwid RxL,PLATINUM,Chennai,294799,19908,Petrol, 3rd Owner,2016,Renault
1012,1018,Hyundai Elite i20,PLATINUM,Chennai,534499,26226,Petrol, 1st Owner,2018,Hyundai
1013,1019,Maruti Suzuki Baleno,PLATINUM,Chennai,681399,43287,Petrol, 2nd Owner,2016,Maruti
1014,1020,Datsun Redi GO,PLATINUM,Bangalore,415699,26527,Petrol, 2nd Owner,2018,Datsun
1015,1021,Maruti Suzuki Alto,PLATINUM,Bangalore,300199,37801,Petrol, 3rd Owner,2017,Maruti
1016,1022,Maruti Suzuki Vitara,PLATINUM,Chennai,856699,54044,Diesel, 2nd Owner,2017,Maruti
1017,1023,Ford Figo Aspire,PLATINUM,Pune,481399,29632,Petrol, 2nd Owner,2017,Ford
1018,1024,Mahindra Xylo D2,GOLD,Trichy,375000,115000,Diesel, 2nd Owner,2009,Mahindra
1019,1025,Maruti Suzuki Eeco,GOLD,Trichy,525000,13000,Petrol, 2nd Owner,2020,Maruti
1020,1026,Maruti Suzuki Swift,GOLD,Delhi,550000,42000,Diesel, 2nd Owner,2018,Maruti
1021,1027,Hyundai i10 Magna,GOLD,Bangalore,229000,65000,Petrol, 1st Owner,2014,Hyundai
1022,1028,Maruti Suzuki Alto,GOLD,Bangalore,275000,60000,Petrol, 2nd Owner,2014,Maruti
1023,1029,Jeep Compass Limited,GOLD,Mahasamund,1750000,31000,Diesel, 1st Owner,2017,Jeep
1024,1030,Jeep Compass Limited,GOLD,Bilaspur,1750000,31000,Diesel, 1st Owner,2017,Jeep
1025,1031,Jeep Compass Limited,GOLD,Jagdalpur,1750000,31000,Diesel, 1st Owner,2017,Jeep
